,inicio,fim,meses,CAGR,volatilidade_anual,Sharpe_excesso_BIL,max_drawdown,retorno_acumulado
factor_proxy_VFMF,2018-03,2026-07,101,0.12783109143311755,0.18659724993101787,0.6050943715540138,-0.3035386849175241,1.7524590218800404
smallcap_VB_sempre_ligada,2018-03,2026-07,101,0.1034741105207384,0.20679770164582406,0.4589543779927195,-0.3005870890983331,1.2904180002169383
smallcap_VB_com_regime_bruto,2018-03,2026-07,101,0.07613975847172783,0.17505651251399373,0.3632933003070612,-0.24432295488271083,0.8545050938612473
smallcap_VB_com_regime_liquido,2018-03,2026-07,101,0.07589314741947062,0.17501441529442296,0.36202423222359126,-0.24432295488271094,0.8509311891146205
renda_fixa_BIL,2018-03,2026-07,101,0.02554412212168944,0.005655110738681819,,-0.0016490628741921975,0.2365142080612399
fundo_proxy_bruto,2018-03,2026-07,101,0.08039563666120997,0.11502822445133924,0.5118079230193276,-0.1368715093893612,0.9171470020072632
fundo_proxy_liquido,2018-03,2026-07,101,0.08030900970786181,0.1150396836169682,0.5110715981170746,-0.13717792417109997,0.9158535907614493
benchmark_2_3_SPY_1_3_BIL,2018-03,2026-07,101,0.10730836215902473,0.10959732050711336,0.7573604432649342,-0.1613215461478391,1.3582719127450051
SPY,2018-03,2026-07,101,0.14529292160284624,0.1643779916450362,0.7573604432649343,-0.23927165170841858,2.132428642230105
