serie,n,R2_ajustado,alpha_mensal,p_alpha_mensal,Mkt-RF,p_Mkt-RF,SMB,p_SMB,HML,p_HML,RMW,p_RMW,CMA,p_CMA,Mom,p_Mom,alpha_anualizado
factor_proxy_VFMF,99,0.9684972496776103,-0.0005715474833605855,0.5130319962721912,0.9471814087078165,0.0,0.4436675443141234,5.1377947435284716e-30,0.33444005738595417,1.1133366001565177e-21,0.16301080717046684,5.111840909518223e-05,0.012178821124111207,0.8249600398962909,0.11738306255744269,8.951364946908448e-07,-0.006837050832050107
smallcap_VB_sempre_ligada,99,0.972080542065543,-0.0012541456278223734,0.17544603118548774,1.001912158905416,0.0,0.6409146105743302,2.2635683184405027e-64,0.12654663720791837,0.002868431352330156,0.0077462672541311894,0.8656923261681754,-0.03247721886852056,0.6570075049043438,0.02828637693345551,0.36632226719585126,-0.014946370125704989
smallcap_VB_com_regime_bruto,99,0.6760821381660047,-0.0015947797119468675,0.46597744308508815,0.7441086002773951,2.856400128063955e-09,0.45998026718167967,5.5593007402949626e-05,-0.012346287661865893,0.9409071537853402,-0.14643765336214387,0.33944205121783133,0.07606609069946046,0.7472229204939314,0.09336185802419396,0.3866357160268844,-0.01897038640440718
smallcap_VB_com_regime_liquido,99,0.677138448932836,-0.0016211869910900006,0.45819230344129214,0.744507008088924,2.616442448935701e-09,0.4595038880601665,5.636227187527789e-05,-0.010439211654766162,0.9498139013820146,-0.14594747455256357,0.34041195281036474,0.0741023473933618,0.7529098234686589,0.09364422509982659,0.3853627460999649,-0.01928171355712327
renda_fixa_BIL,99,0.12583737519502391,-4.5407500226805115e-05,0.0039703152017223796,-0.0007885631380933806,0.13972003221192505,-5.467715845928816e-05,0.9482540543613793,-0.0019348444258584915,0.012700957181813858,5.329750833704276e-05,0.9618464443828452,0.0012674213469413568,0.2527299781688005,0.0009386142024063994,0.14660045874437058,-0.0005447539418061975
fundo_proxy_bruto,99,0.8834624723575658,-0.0007372448985114187,0.3910745625721025,0.5635004819490393,4.7308179089225995e-35,0.30119771144578117,1.0653858917462794e-10,0.10671964176607657,0.09337334128520891,0.0055421504388866935,0.9233060238524173,0.029837444390171018,0.7423661170316611,0.07056117826134767,0.08249339113550516,-0.008811153810654226
fundo_proxy_liquido,99,0.8838237057807896,-0.0007460473248924629,0.3852802489725441,0.5636332845528823,3.5215416661951073e-35,0.3010389184052768,1.0950761185721684e-10,0.10735533376844314,0.09030036392250526,0.005705543375413465,0.9209644752392897,0.02918286328813812,0.7472917484554138,0.07065530061989188,0.08220225559034981,-0.008915924382012053
benchmark_2_3_SPY_1_3_BIL,99,0.9963290337828471,-1.8207583834017427e-05,0.9182194084763794,0.656058557826435,0.0,-0.07439295113565175,4.423623318604526e-19,0.01737632904531279,0.055935473483483926,0.03728926882243684,0.004129013371520687,0.01121253427043993,0.3445323222445098,-3.680264468482186e-05,0.9958422425990981,-0.00021846912727241374
SPY,99,0.9963848838137742,-4.607625637623238e-06,0.986081060141681,0.9844821183086991,0.0,-0.11156208812424792,8.294154426743645e-20,0.027031915780898388,0.045651834506784256,0.05590725447948691,0.004103056000494037,0.01618509073218924,0.3596614509127828,-0.0005245110682304405,0.9605481282387401,-5.529010647842281e-05
