ticker,sector,provider,requested_cutoff,first_price_date,last_price_date,n_daily_pairs,beta_window_start,beta_window_end,adv60_proxy_brl,adv_nobs,adv_window_start,adv_window_end,adv_pass_20m,stale_against_ibov,beta_ibov_252,beta_hac_se,beta_ci95_low,beta_ci95_high,r_squared,alpha_daily,annual_vol_252,n_weekly_pairs,beta_weekly_52,momentum20,momentum_12_1,above_ma200,annual_vol60,score_mom12_1_vol60,beta_pass_07_18,technical_pass,technical_liquidity_beta_eligible,split_events_adv_window,technical_eligible_rank,technical_top6_only_not_trade_signal
LREN3,Varejo de vestuario,Yahoo Finance via yfinance,2026-09-25,2024-08-01,2026-09-25,252,2025-09-23,2026-09-25,201359947.9,60,2026-07-03,2026-09-25,True,False,1.415335581,0.08779806727,1.243254531,1.58741663,0.4200525595,-0.002301348657,0.3813470135,52,1.229014842,0.06843622003,-0.2948665784,False,0.3847048337,-0.7664748466,True,False,False,0,,False
CEAB3,Varejo de vestuario,Yahoo Finance via yfinance,2026-09-25,2024-08-01,2026-09-25,252,2025-09-23,2026-09-25,76141037.94,60,2026-07-03,2026-09-25,True,False,1.76531558,0.1529656629,1.465508389,2.06512277,0.3487554616,-0.003524332026,0.5220049098,52,1.912471331,0.1375921177,-0.5272425123,False,0.4739674021,-1.112402477,True,False,False,0,,False
RIAA3,Varejo de vestuario,Yahoo Finance via yfinance,2026-09-25,2024-08-01,2026-09-25,252,2025-09-23,2026-09-25,10643944.05,60,2026-07-03,2026-09-25,False,False,1.590606388,0.1401611877,1.315895508,1.865317268,0.3762910634,-0.001242731938,0.4528073969,52,1.741619169,-0.007225461009,-0.01215814173,False,0.4220539126,-0.02880708215,True,False,False,0,,False
MGLU3,Varejo de duraveis,Yahoo Finance via yfinance,2026-09-25,2024-08-01,2026-09-25,252,2025-09-23,2026-09-25,122084551.4,60,2026-07-03,2026-09-25,True,False,1.958281365,0.180864477,1.603793504,2.312769225,0.3225820237,-0.002870490299,0.6020987873,52,1.976105631,0.3966942181,-0.5394826492,False,0.7028333085,-0.767582644,False,False,False,0,,False
AZZA3,Moda e calcados,Yahoo Finance via yfinance,2026-09-25,2024-08-01,2026-09-25,252,2025-09-23,2026-09-25,44472961.42,60,2026-07-03,2026-09-25,True,False,1.290064676,0.1561392244,0.9840374194,1.596091932,0.2231928923,-0.003043673686,0.4768524804,52,0.9725365357,0.1075050171,-0.4797786237,False,0.536974238,-0.8934853663,True,False,False,0,,False
VIVA3,Joalheria,Yahoo Finance via yfinance,2026-09-25,2024-08-01,2026-09-25,252,2025-09-23,2026-09-25,64548158.54,60,2026-07-03,2026-09-25,True,False,1.124171775,0.1255318822,0.8781338069,1.370209743,0.2601000131,-0.001763046041,0.3849242148,52,1.269694893,-0.01415927829,-0.1968216881,False,0.3337405582,-0.5897445882,True,False,False,0,,False
MULT3,Shoppings,Yahoo Finance via yfinance,2026-09-25,2024-08-01,2026-09-25,252,2025-09-23,2026-09-25,113089932,60,2026-07-03,2026-09-25,True,False,1.244390342,0.08505685701,1.077681966,1.411098718,0.6190867204,-0.0006174507858,0.2761808934,52,1.266585215,0.1342086176,-0.00870514937,True,0.2810759594,-0.03097080728,True,False,False,0,,False
IGTI11,Shoppings,Yahoo Finance via yfinance,2026-09-25,2024-08-01,2026-09-25,252,2025-09-23,2026-09-25,56657446.6,60,2026-07-03,2026-09-25,True,False,1.293115558,0.09275822942,1.111312769,1.474918347,0.6068476179,-0.000620161146,0.2898746609,52,1.134535943,0.108353966,0.03581133752,True,0.3253607586,0.1100665541,True,True,True,0,5,True
ALOS3,Shoppings,Yahoo Finance via yfinance,2026-09-25,2024-08-01,2026-09-25,252,2025-09-23,2026-09-25,118016499.8,60,2026-07-03,2026-09-25,True,False,1.203281007,0.07694331487,1.052474881,1.354087133,0.6465790975,-5.364154819e-06,0.2613177882,52,1.257739036,0.1166529748,0.1771849366,True,0.2614921504,0.677591799,True,True,True,0,2,True
B3SA3,Infraestrutura de mercado,Yahoo Finance via yfinance,2026-09-25,2024-08-01,2026-09-25,252,2025-09-23,2026-09-25,583149389.9,60,2026-07-03,2026-09-25,True,False,1.598618627,0.08543038341,1.431178152,1.766059102,0.6354486899,4.735072576e-05,0.3502009881,52,1.277388436,0.155982489,0.2295942162,True,0.3221999483,0.7125830324,True,True,True,0,1,True
BPAC11,Banco e investimentos,Yahoo Finance via yfinance,2026-09-25,2024-08-01,2026-09-25,252,2025-09-23,2026-09-25,576443630.7,60,2026-07-03,2026-09-25,True,False,1.56989751,0.07168304705,1.429401319,1.7103937,0.7118073732,-0.0001092472083,0.32493972,52,1.46852469,0.1667286715,0.1778977031,True,0.3196511895,0.5565369658,True,True,True,0,4,True
ITUB4,Banco,Yahoo Finance via yfinance,2026-09-25,2024-08-01,2026-09-25,252,2025-09-23,2026-09-25,938444036.5,60,2026-07-03,2026-09-25,True,False,1.171938881,0.04131908405,1.090954964,1.252922798,0.7252992089,-0.0002572747599,0.2403029507,52,1.222562273,0.07798966415,0.1422935087,True,0.2429572728,0.5856729747,True,True,True,0,3,True
BBDC4,Banco,Yahoo Finance via yfinance,2026-09-25,2024-08-01,2026-09-25,252,2025-09-23,2026-09-25,630063695.4,60,2026-07-03,2026-09-25,True,False,1.205879251,0.04140312231,1.124730623,1.28702788,0.6716084142,-0.0006983729456,0.2569558449,52,1.267423497,0.05726634904,0.04113628085,False,0.242716852,0.1694825906,True,False,False,0,,False
