trial,state,value,momentum_window,stop_multiplier,bars,total_trades,win_rate,total_return,annualized_return,annualized_volatility,return_skewness,return_kurtosis,sharpe_ratio,sortino_ratio,max_drawdown,profit_factor,exposure,final_equity
0,COMPLETE,0.47046881776645283,30,3.5,1163,42,0.2857142857142857,0.4141021701682155,0.0779691383013672,0.20291572330911697,1.1735355858536929,12.18355240813557,0.47046881776645283,0.7491800407248862,-0.30558081210182686,1.6447387991457967,0.39552880481513325,1.4141021701682155
1,COMPLETE,0.9614675661280855,50,2.5,1163,30,0.3333333333333333,1.0859597683206994,0.1727016250206388,0.18287085736634406,1.944892863095641,17.411330760324994,0.9614675661280855,1.6830931946017609,-0.28440375632959813,2.6203644671562873,0.29664660361135,2.0859597683206994
2,COMPLETE,-0.1397018781981987,15,1.5,1163,64,0.3125,-0.1761904790559662,-0.041126605564919316,0.18245971593298416,1.1456274893052674,15.171056931058049,-0.1397018781981987,-0.21038668002216665,-0.317959226098379,0.9030950799864488,0.3061049011177988,0.8238095209440338
3,COMPLETE,0.17892939788034976,10,3.5,1163,83,0.3253012048192771,0.0721409975684637,0.015207955988172595,0.22637258130179888,0.8594506107805996,9.810054352856065,0.17892939788034976,0.27530272699658287,-0.48087143528878595,1.1743253249765484,0.4995700773860705,1.0721409975684637
4,COMPLETE,0.7121462852539635,40,3.0,1163,30,0.36666666666666664,0.6581837829991763,0.11580993653465632,0.17525409439063094,1.2849226377628076,12.325224928554,0.7121462852539635,1.1728709714246246,-0.2345601019279373,2.276520044958533,0.2880481513327601,1.6581837829991763
5,COMPLETE,0.17892939788034976,10,3.5,1163,83,0.3253012048192771,0.0721409975684637,0.015207955988172595,0.22637258130179888,0.8594506107805996,9.810054352856065,0.17892939788034976,0.27530272699658287,-0.48087143528878595,1.1743253249765484,0.4995700773860705,1.0721409975684637
6,COMPLETE,0.6740427575388276,55,2.0,1163,32,0.28125,0.47770677137451956,0.08829480000196255,0.13987686231063556,2.169384417449886,29.173964034432082,0.6740427575388276,1.1176704655038696,-0.22948054954470565,2.007202911861895,0.1943250214961307,1.4777067713745196
7,COMPLETE,0.3659287566318173,20,1.5,1163,47,0.46808510638297873,0.21287786281855814,0.04270526441725875,0.1413889364591864,1.2599472904192692,16.20358631847287,0.3659287566318173,0.5772649888210736,-0.14940351893180315,1.40636188206352,0.2175408426483233,1.2128778628185581
8,COMPLETE,0.2825195662454006,25,2.5,1163,42,0.38095238095238093,0.17794645448880275,0.036123574088807064,0.1866438664172823,1.2590083951659534,12.284684800973077,0.2825195662454006,0.4480498548155657,-0.2800830889324658,1.3342630191068972,0.33963886500429924,1.1779464544888028
9,COMPLETE,0.6685694947475217,30,2.0,1163,42,0.3333333333333333,0.5744396183867584,0.10335040910284476,0.167946142986207,1.8697057594311512,19.069901803693334,0.6685694947475217,1.1218632736169993,-0.2258429659228952,1.8691134408258692,0.27343078245915736,1.5744396183867584
10,COMPLETE,0.8351384402965941,60,2.5,1163,20,0.35,0.7282366659439279,0.12585925327368908,0.156393289408041,2.3785341482536837,24.44164988728384,0.8351384402965941,1.4587190335152649,-0.26259908181513647,2.7339139775723162,0.235597592433362,1.7282366659439279
11,COMPLETE,0.8351384402965941,60,2.5,1163,20,0.35,0.7282366659439279,0.12585925327368908,0.156393289408041,2.3785341482536837,24.44164988728384,0.8351384402965941,1.4587190335152649,-0.26259908181513647,2.7339139775723162,0.235597592433362,1.7282366659439279
12,COMPLETE,0.9614675661280855,50,2.5,1163,30,0.3333333333333333,1.0859597683206994,0.1727016250206388,0.18287085736634406,1.944892863095641,17.411330760324994,0.9614675661280855,1.6830931946017609,-0.28440375632959813,2.6203644671562873,0.29664660361135,2.0859597683206994
13,COMPLETE,0.79809887865231,50,3.0,1163,30,0.3333333333333333,0.8527204479034256,0.1429554822818222,0.18967989624535472,1.7611917777009742,15.998966439349562,0.79809887865231,1.3627389579355529,-0.29306432940656557,2.327240934871447,0.31900257953568356,1.8527204479034256
14,COMPLETE,0.8687057349909971,45,2.0,1163,33,0.36363636363636365,0.7635484915812325,0.13080434574244504,0.15515908071400777,2.636485038923004,26.457651882937263,0.8687057349909971,1.5484939707964052,-0.2128829018670172,2.484115375234585,0.21668099742046432,1.7635484915812325
15,COMPLETE,0.7035005503744058,45,3.0,1163,33,0.36363636363636365,0.6949789742519255,0.1211289119455794,0.18707105577378996,1.8211822941817157,16.420562163518355,0.7035005503744058,1.1959917474325052,-0.2783059988710128,2.0945872518952164,0.3164230438521066,1.6949789742519255
16,COMPLETE,0.8369264482465449,40,2.5,1163,30,0.36666666666666664,0.8064805281406671,0.13671317138084071,0.17027668449966293,1.4622492233626674,13.14718529728733,0.8369264482465449,1.4078621716410498,-0.17520685651224588,2.5150757199318297,0.2699914015477214,1.806480528140667
17,COMPLETE,1.0024088391404804,50,2.0,1163,30,0.3333333333333333,0.9617475236684518,0.1572047339898781,0.1579262447623654,2.5425642466752185,25.6567171120396,1.0024088391404804,1.8058725478475304,-0.2750982008186277,2.6430900287857537,0.21410146173688735,1.9617475236684518
18,COMPLETE,0.42982162183354017,35,2.0,1163,34,0.3235294117647059,0.2823885333185254,0.05537256513025035,0.15179003726418952,2.4115250846658016,25.395417277261338,0.42982162183354017,0.72624531510068,-0.3026738466492451,1.5930435608186855,0.235597592433362,1.2823885333185254
19,COMPLETE,0.25077194841907513,55,1.5,1163,32,0.3125,0.11082761207718539,0.02303564360802257,0.1184460431661581,2.5579745678339485,47.93335117444877,0.25077194841907513,0.3999681100734463,-0.17075150959905805,1.3288093454867482,0.12209802235597593,1.1108276120771854
20,COMPLETE,1.0024088391404804,50,2.0,1163,30,0.3333333333333333,0.9617475236684518,0.1572047339898781,0.1579262447623654,2.5425642466752185,25.6567171120396,1.0024088391404804,1.8058725478475304,-0.2750982008186277,2.6430900287857537,0.21410146173688735,1.9617475236684518
21,COMPLETE,1.0024088391404804,50,2.0,1163,30,0.3333333333333333,0.9617475236684518,0.1572047339898781,0.1579262447623654,2.5425642466752185,25.6567171120396,1.0024088391404804,1.8058725478475304,-0.2750982008186277,2.6430900287857537,0.21410146173688735,1.9617475236684518
22,COMPLETE,0.8687057349909971,45,2.0,1163,33,0.36363636363636365,0.7635484915812325,0.13080434574244504,0.15515908071400777,2.636485038923004,26.457651882937263,0.8687057349909971,1.5484939707964052,-0.2128829018670172,2.484115375234585,0.21668099742046432,1.7635484915812325
23,COMPLETE,0.6740427575388276,55,2.0,1163,32,0.28125,0.47770677137451956,0.08829480000196255,0.13987686231063556,2.169384417449886,29.173964034432082,0.6740427575388276,1.1176704655038696,-0.22948054954470565,2.007202911861895,0.1943250214961307,1.4777067713745196
24,COMPLETE,0.3706190854253353,40,1.5,1163,30,0.4,0.18893831467852573,0.0382109308066223,0.12062040457725129,1.8914974041166515,24.435152267280078,0.3706190854253353,0.6048037109682748,-0.19947355371983255,1.461277675913875,0.13069647463456577,1.1889383146785257
25,COMPLETE,1.0024088391404804,50,2.0,1163,30,0.3333333333333333,0.9617475236684518,0.1572047339898781,0.1579262447623654,2.5425642466752185,25.6567171120396,1.0024088391404804,1.8058725478475304,-0.2750982008186277,2.6430900287857537,0.21410146173688735,1.9617475236684518
26,COMPLETE,0.5508632912218454,60,1.5,1163,20,0.35,0.31072562506224943,0.0603825491639185,0.11907810641260139,3.7494734552556905,53.18634887708102,0.5508632912218454,0.971576397959378,-0.22650686758518734,2.0270201288071057,0.11006018916595013,1.3107256250622494
27,COMPLETE,0.8687057349909971,45,2.0,1163,33,0.36363636363636365,0.7635484915812325,0.13080434574244504,0.15515908071400777,2.636485038923004,26.457651882937263,0.8687057349909971,1.5484939707964052,-0.2128829018670172,2.484115375234585,0.21668099742046432,1.7635484915812325
28,COMPLETE,0.6740427575388276,55,2.0,1163,32,0.28125,0.47770677137451956,0.08829480000196255,0.13987686231063556,2.169384417449886,29.173964034432082,0.6740427575388276,1.1176704655038696,-0.22948054954470565,2.007202911861895,0.1943250214961307,1.4777067713745196
29,COMPLETE,-0.052185428143531366,30,1.5,1163,42,0.30952380952380953,-0.07079595584034859,-0.01578432055342638,0.13422556148918724,2.082448669124205,32.80069344453348,-0.052185428143531366,-0.08129616054659466,-0.26317296723125505,0.9748050985371495,0.16595012897678418,0.9292040441596514
30,COMPLETE,0.42982162183354017,35,2.0,1163,34,0.3235294117647059,0.2823885333185254,0.05537256513025035,0.15179003726418952,2.4115250846658016,25.395417277261338,0.42982162183354017,0.72624531510068,-0.3026738466492451,1.5930435608186855,0.235597592433362,1.2823885333185254
31,COMPLETE,1.0024088391404804,50,2.0,1163,30,0.3333333333333333,0.9617475236684518,0.1572047339898781,0.1579262447623654,2.5425642466752185,25.6567171120396,1.0024088391404804,1.8058725478475304,-0.2750982008186277,2.6430900287857537,0.21410146173688735,1.9617475236684518
32,COMPLETE,1.0024088391404804,50,2.0,1163,30,0.3333333333333333,0.9617475236684518,0.1572047339898781,0.1579262447623654,2.5425642466752185,25.6567171120396,1.0024088391404804,1.8058725478475304,-0.2750982008186277,2.6430900287857537,0.21410146173688735,1.9617475236684518
33,COMPLETE,0.9614675661280855,50,2.5,1163,30,0.3333333333333333,1.0859597683206994,0.1727016250206388,0.18287085736634406,1.944892863095641,17.411330760324994,0.9614675661280855,1.6830931946017609,-0.28440375632959813,2.6203644671562873,0.29664660361135,2.0859597683206994
34,COMPLETE,0.25077194841907513,55,1.5,1163,32,0.3125,0.11082761207718539,0.02303564360802257,0.1184460431661581,2.5579745678339485,47.93335117444877,0.25077194841907513,0.3999681100734463,-0.17075150959905805,1.3288093454867482,0.12209802235597593,1.1108276120771854
35,COMPLETE,0.8687057349909971,45,2.0,1163,33,0.36363636363636365,0.7635484915812325,0.13080434574244504,0.15515908071400777,2.636485038923004,26.457651882937263,0.8687057349909971,1.5484939707964052,-0.2128829018670172,2.484115375234585,0.21668099742046432,1.7635484915812325
36,COMPLETE,0.8369264482465449,40,2.5,1163,30,0.36666666666666664,0.8064805281406671,0.13671317138084071,0.17027668449966293,1.4622492233626674,13.14718529728733,0.8369264482465449,1.4078621716410498,-0.17520685651224588,2.5150757199318297,0.2699914015477214,1.806480528140667
37,COMPLETE,0.7321573917425714,50,1.5,1163,30,0.3333333333333333,0.5250452537635639,0.09575606958103733,0.1375974645184681,3.405286009809266,38.9011857132066,0.7321573917425714,1.3471884885649097,-0.2415140946850982,2.139415045067876,0.1410146173688736,1.525045253763564
38,COMPLETE,0.6740427575388276,55,2.0,1163,32,0.28125,0.47770677137451956,0.08829480000196255,0.13987686231063556,2.169384417449886,29.173964034432082,0.6740427575388276,1.1176704655038696,-0.22948054954470565,2.007202911861895,0.1943250214961307,1.4777067713745196
39,COMPLETE,0.7817131231929608,35,2.5,1163,34,0.3235294117647059,0.7962281005440119,0.13531218894914265,0.18364272875253634,1.8384870635947088,15.731467530799472,0.7817131231929608,1.3446214662329248,-0.2667740200037587,2.243328124639499,0.3353396388650043,1.796228100544012
