ticker,empresa,camada,peso_alvo,inicio,barras,trades,exposicao,atr_retorno,atr_cagr,atr_sharpe,atr_max_dd,atr_win_rate,bh_retorno,bh_cagr,bh_sharpe,bh_max_dd,beta_qqq,correlacao_smh
NVDA,NVIDIA,Chips e computação,0.2,2020-01-02,1694,84,0.47638724911452185,3.885034672745058,0.2661238201061862,0.8748719034140588,-0.46742808095656085,0.38095238095238093,36.88254163376235,0.7171535169243428,1.302902154601728,-0.6636205530533924,1.6582719338347869,0.8370476232311898
MU,Micron Technology,Chips e computação,0.1,2020-01-02,1694,91,0.3252656434474616,-0.04261369333756626,-0.0064573215237142545,0.1298615782163335,-0.7521950869182121,0.3626373626373626,18.228741068622018,0.552390416786037,1.0709121228164924,-0.5782339360845166,1.457569009393602,0.7873403455159035
SMCI,Super Micro Computer,Chips e computação,0.05,2020-01-02,1694,84,0.38902007083825263,0.015910427373776015,0.0023509682786839736,0.24431683888794722,-0.8021009819426986,0.36904761904761907,16.35928984960356,0.5289496481989395,0.9274092193435521,-0.8484096025557226,1.420188063530919,0.5030021935417759
STM,STMicroelectronics,Chips e computação,0.05,2020-01-02,1694,78,0.36363636363636365,0.3901601341297327,0.050225046437651244,0.3154370078391817,-0.4975440112836518,0.41025641025641024,0.9089280331152323,0.10095697475033938,0.4425642340104313,-0.6721371780061004,1.3656088174726482,0.7706945696150103
VRT,Vertiv,Infraestrutura do data center,0.12,2020-01-02,1694,64,0.4167650531286895,2.467642867264591,0.20319409096148133,0.7094691717634082,-0.4574409655575892,0.375,21.133688986413386,0.5852240348515092,1.0689562263507646,-0.7124868757202587,1.3368992530044523,0.595346103945899
PWR,Quanta Services,Infraestrutura do data center,0.1,2020-01-02,1694,77,0.5247933884297521,2.5997057971903113,0.209902750223385,0.8621406375020939,-0.3481927449148704,0.38961038961038963,14.862496364247237,0.5085776403214768,1.2602561054230998,-0.4240077586437698,0.818664039837544,0.5767960491156326
GEV,GE Vernova,Geração de energia,0.1,2024-03-27,629,36,0.43879173290937995,0.7645064009984495,0.2554693954566807,0.7842023900537298,-0.40773088342571495,0.4722222222222222,6.333257068452405,1.2216161922739421,1.7724075283450826,-0.3828562058069086,1.4298932474286707,0.6110252392929727
VST,Vistra,Geração de energia,0.1,2020-01-02,1694,88,0.46812278630460447,0.4461672640501346,0.056414031508862594,0.3332030354907303,-0.6047060153497039,0.3068181818181818,5.165936991690334,0.31075198675671656,0.8065728559286147,-0.48892594712200244,0.7977092784506921,0.42145946807447215
BE,Bloom Energy,Geração de energia,0.08,2020-01-02,1694,82,0.32880755608028334,0.6885406860204522,0.08104728486436041,0.4077425694130759,-0.6149981744225943,0.3902439024390244,35.96065936169903,0.7108718377870671,1.017941587943859,-0.7988276760435764,1.6889571643589107,0.44570440265044925
DGXX,Digi Power X,Satélites especulativos,0.04,2021-01-08,1437,73,0.34725121781489215,-0.4379317496038464,-0.09609732580095343,0.20574924024511157,-0.880907343716663,0.3013698630136986,0.8640351111098503,0.11539392401900384,0.6900417533984109,-0.9735758679710423,1.9255663995716608,0.31777587333919066
VIVO,VivoPower,Satélites especulativos,0.03,2020-01-02,1694,82,0.27508854781582054,0.5850305428104601,0.07092156690067375,0.44999310398857856,-0.9267926453998858,0.3780487804878049,-0.649523803165982,-0.14441482260079008,0.5783000904653197,-0.9963717806284297,0.8796480720484572,0.12090711229512448
RDW,Redwire,Satélites especulativos,0.03,2021-01-14,1433,66,0.3440334961618981,0.05823950280202461,0.01000427083135591,0.28094374894599594,-0.6902438498097714,0.30303030303030304,0.030739644525912047,0.005338494289790496,0.4457873115806829,-0.8726307808192445,1.5366732421089606,0.3469299340985108
