ativo_excluido,retorno_total,cagr,volatilidade,sharpe,sortino,max_drawdown,calmar,assimetria,curtose,pregoes
NVDA,1.2335583560885364,0.12867428775551137,0.18558399055644412,0.7452935934121634,1.0996655669665647,-0.24925922867309802,0.5162267749944253,-0.1904587187358385,13.053417851319898,1673
MU,2.8254064149437634,0.22396030874651496,0.20590084538900286,1.0846780482914555,1.6642424806082274,-0.2311472621980506,0.9689074688439193,0.18873275921133123,17.866730793380295,1673
SMCI,2.477467049163923,0.20650508973519455,0.19879440257559575,1.0440752239632027,1.585623899287356,-0.24496628269593024,0.8429939315016814,-0.006648985441981701,16.623324873195223,1673
STM,2.4673538739973155,0.20597591965459539,0.20303761854590718,1.0243175586545947,1.5507774308050217,-0.2449635251979969,0.8408432214065789,-0.013848074847767282,18.22786522158233,1673
VRT,2.1414546781047084,0.18817832755255814,0.18503448503620387,1.024558139098902,1.556058684402802,-0.24434492468314606,0.7701339726887232,0.09912148146540835,13.642775791941185,1673
PWR,2.341424570669734,0.19927443713700188,0.208171199409998,0.9773578454094654,1.4788603970409884,-0.228494867410294,0.872117782756044,-0.022314852389028868,18.084974252094074,1673
GEV,2.3497928211673975,0.1997263604500168,0.20138435473728192,1.0048556640449497,1.5537085439982314,-0.22514174815204535,0.887113838678801,0.4101447074869401,14.904975901296934,1673
VST,2.424992287603071,0.20374501079342555,0.22515558052303117,0.9358132906280195,1.4648831678678769,-0.25781546786837806,0.7902745807999504,0.6660148560502447,18.5082528627201,1673
BE,2.1566149263707284,0.18904026032622068,0.1883403043700116,1.0141263512428653,1.4973975235020807,-0.2464356010678782,0.7670980146823487,-0.41977029236465496,18.83990449325338,1673
DGXX,2.340051676617608,0.1992002028859432,0.19873328123677206,1.0137748284698826,1.533308734600322,-0.23828998478639907,0.8359570926344404,-0.02256085664486113,17.24736048758296,1673
VIVO,2.4219668883278374,0.20358478767536514,0.19747901869385573,1.0374543909563325,1.5695794249361121,-0.23828998478640084,0.8543572985572816,-0.029026119628388122,17.577154750242606,1673
RDW,2.276328802765029,0.19572576382576545,0.1987250139841507,0.9994383696637639,1.493532644609047,-0.2360948378848473,0.8290133133754859,-0.27572400154592386,20.596845328424138,1673
