ticker,empresa,camada,fechamento,momentum_20d,atr14,sinal,entrada,preco_entrada,stop_atual,distancia_stop,liquidez_mediana_63d_usd,peso_alvo_vigente,peso_alvo_indicativo_proximo
NVDA,NVIDIA,Chips e computação,227.2100067138672,0.029124050956255587,5.390714372907366,comprado,2026-09-29,230.97000122070312,218.04143360682897,0.042049682738606986,25162148541.84265,0.2,0.2
MU,Micron Technology,Chips e computação,1065.0799560546875,0.11092797529283471,43.708583286830354,comprado,2026-09-18,984.719970703125,981.6403699602399,0.08500015754020707,30336278798.187256,0.1,0.1
SMCI,Super Micro Computer,Chips e computação,41.02000045776367,0.10032193672022793,2.3792852674211775,comprado,2026-09-18,40.20000076293945,37.449285234723774,0.09534802068075399,1256576719.694519,0.05,0.05
STM,STMicroelectronics,Chips e computação,53.2400016784668,0.06182693112394344,1.6771422794886999,comprado,2026-09-21,51.290000915527344,49.386786460876465,0.07802117719570179,464498036.1328125,0.05,0.05
VRT,Vertiv,Infraestrutura do data center,248.33999633789062,-0.04012061237568465,11.63821302141462,fora (caixa),,,,,1179812837.3718262,0.12,0.12
PWR,Quanta Services,Infraestrutura do data center,651.7899780273438,0.0736298558607631,21.15500749860491,comprado,2026-09-22,640.0,598.9024592808315,0.08830739952215283,595588790.3686523,0.1,0.1
GEV,GE Vernova,Geração de energia,962.489990234375,0.07118288632773973,34.46349661690848,comprado,2026-09-23,950.0,876.3312486921038,0.09831755020816657,2228238145.0927734,0.1,0.1
VST,Vistra,Geração de energia,140.8300018310547,0.02518749972230494,4.1539306640625,comprado,2026-09-29,140.0,130.44517517089844,0.07961066131078365,616792196.8093872,0.1,0.1
BE,Bloom Energy,Geração de energia,291.25,0.41177894179152963,20.822575160435267,comprado,2026-09-04,236.82000732421875,241.262328011649,0.2071921978052762,3239635289.5339966,0.08,0.08
DGXX,Digi Power X,Satélites especulativos,4.25,0.1805555868295985,0.28764285360063824,comprado,2026-09-17,3.799999952316284,3.9057144352367947,0.08814919023703083,12318063.737487793,0.05714285714285714,0.05714285714285714
VIVO,VivoPower,Satélites especulativos,3.680000066757202,-0.09582311755652251,0.25607146535600933,fora (caixa),,,,,1695183.9839935303,0.0,0.0
RDW,Redwire,Satélites especulativos,10.729999542236328,0.002803713411771769,0.7498570850917271,comprado,2026-09-25,11.800000190734863,9.931786094393049,0.08036957705864278,147929042.8791046,0.04285714285714285,0.04285714285714285
