mes,NFCI_vintage_date,NFCI_observation_date,NFCI_point_in_time,NFCI_snapshot_source,NFCI_z_24_point_in_time,NFCI_z_36_point_in_time,NFCI_z_48_point_in_time,BAA10Y_vintage_date,BAA10Y_observation_date,BAA10Y_point_in_time,BAA10Y_snapshot_source,BAA10Y_z_24_point_in_time,BAA10Y_z_36_point_in_time,BAA10Y_z_48_point_in_time,BAA10Y_state_point_in_time,BAA10Y_final,BAA10Y_z_24_final,BAA10Y_z_36_final,BAA10Y_z_48_final,BAA10Y_state_final,BAA10Y_state_changed,NFCI_state_point_in_time,NFCI_final,NFCI_z_24_final,NFCI_z_36_final,NFCI_z_48_final,NFCI_state_final,NFCI_state_changed,votes_point_in_time,votes_final,derisk_signal_point_in_time,derisk_signal_final,derisk_applied_point_in_time,derisk_applied_final
2011-05,2011-05-31,2011-05-20,-0.6,ALFRED,-0.8853986872188806,-0.8871797878927051,-0.9629758530933296,2011-05-31,2011-05-31,2.65,FRED truncado; ALFRED sem arquivo,-0.6241031289664246,-0.7224317754098173,-0.5251270846002049,0,2.65,-0.6241031289664246,-0.7224317754098173,-0.5251270846002049,0,0,0,-0.592,-1.0327105769227825,-0.9278595225425127,-1.0268364833951078,0,0,0,0,0.0,0.0,0.0,0.0
2011-06,2011-06-30,2011-06-24,-0.5,ALFRED,-0.5170895764153673,-0.7478748277447214,-0.8519167827923123,2011-06-30,2011-06-30,2.72,FRED truncado; ALFRED sem arquivo,-0.30702165246438523,-0.6491513660066367,-0.4935227722396637,0,2.72,-0.30702165246438523,-0.6491513660066367,-0.4935227722396637,0,0,0,-0.551,-0.9196789863865891,-0.8502953398095456,-0.982024500266963,0,0,0,0,0.0,0.0,0.0,0.0
2011-07,2011-07-31,2011-07-22,-0.63,ALFRED,-0.7211414965967221,-0.7592027296528416,-0.9327758460858698,2011-07-31,2011-07-31,2.77,FRED truncado; ALFRED sem arquivo,-0.02681081277208338,-0.5910332395326515,-0.47243985165221125,0,2.77,-0.02681081277208338,-0.5910332395326515,-0.47243985165221125,0,0,0,-0.43,-0.4413475060880627,-0.7086976878021894,-0.8522289718203642,0,0,0,0,0.0,0.0,0.0,0.0
2011-08,2011-08-31,2011-08-26,-0.31,ALFRED,1.2867953707414646,-0.41096070235793836,-0.5569196065021829,2011-08-31,2011-08-31,3.25,FRED truncado; ALFRED sem arquivo,1.9708508073168682,-0.16624907145908466,-0.041140897904453695,0,3.25,1.9708508073168682,-0.16624907145908466,-0.041140897904453695,0,0,0,-0.185,0.6874975800301778,-0.46491828249306183,-0.5917400851776458,0,0,0,0,0.0,0.0,0.0,0.0
2011-09,2011-09-30,2011-09-23,-0.27,ALFRED,1.600390551737854,-0.3254857739893986,-0.5061201824631489,2011-09-30,2011-09-30,3.3,FRED truncado; ALFRED sem arquivo,1.9247853003217743,-0.10531177179376103,-0.019394772154882032,0,3.3,1.9247853003217743,-0.10531177179376103,-0.019394772154882032,0,0,0,-0.094,1.2107329528275774,-0.34522868035948245,-0.4942750203667671,0,0,0,0,0.0,0.0,0.0,0.0
2011-10,2011-10-31,2011-10-21,-0.11,ALFRED,1.7077899031194546,-0.18975214078596986,-0.3967242462262644,2011-10-31,2011-10-31,3.02,FRED truncado; ALFRED sem arquivo,0.7981931573446532,-0.30739401467830296,-0.32042367361398194,0,3.02,0.7981931573446532,-0.30739401467830296,-0.32042367361398194,0,0,0,-0.159,0.9880924015579413,-0.35762950258413995,-0.5550927923777768,0,0,0,0,0.0,0.0,0.0,0.0
2011-11,2011-11-30,2011-11-25,-0.01,ALFRED,2.318416331254459,0.02714350626085789,-0.26092510254652174,2011-11-30,2011-11-30,3.24,FRED truncado; ALFRED sem arquivo,1.5314125313455895,-0.030915014123831047,-0.11794398444456156,0,3.24,1.5314125313455895,-0.030915014123831047,-0.11794398444456156,0,0,0,-0.134,1.1760336581381816,-0.27984593344751124,-0.5148118813558477,0,0,0,0,0.0,0.0,0.0,0.0
2011-12,2011-12-31,2011-12-23,-0.12,ALFRED,1.6744398853338618,-0.030347359511983096,-0.36504450498224633,2011-12-31,2011-12-31,3.27,FRED truncado; ALFRED sem arquivo,1.4877298446652913,0.08303974358558926,-0.10428308306807789,0,3.27,1.4877298446652913,0.08303974358558926,-0.10428308306807789,0,0,0,-0.207,0.8145945808119891,-0.313497416813924,-0.5705256041715063,0,0,0,0,0.0,0.0,0.0,0.0
2012-01,2012-01-31,2012-01-20,-0.35,ALFRED,0.45165601046662746,-0.34131646742061683,-0.6072331729742546,2012-01-31,2012-01-31,3.24,FRED truncado; ALFRED sem arquivo,1.2634136282361745,0.13048952227304902,-0.14082998001426297,0,3.24,1.2634136282361745,0.13048952227304902,-0.14082998001426297,0,0,0,-0.373,-0.03131006611987395,-0.499354789301692,-0.7162105035146004,0,0,0,0,0.0,0.0,0.0,0.0
2012-02,2012-02-29,2012-02-24,-0.46,ALFRED,-0.13172523916654866,-0.5107619467198127,-0.701169203290585,2012-02-29,2012-02-29,3.1,FRED truncado; ALFRED sem arquivo,0.7062394204450463,0.028464923667340682,-0.2802309490391462,0,3.1,0.7062394204450463,0.028464923667340682,-0.2802309490391462,0,0,0,-0.455,-0.4304071293066419,-0.6162742627093536,-0.7685965760328114,0,0,0,0,0.0,0.0,0.0,0.0
2012-03,2012-03-31,2012-03-23,-0.57,ALFRED,-0.7698715756038459,-0.7733416920893111,-0.7938151877042159,2012-03-31,2012-03-31,3.07,FRED truncado; ALFRED sem arquivo,0.5370855853607326,0.12501686973291445,-0.30235018072872993,0,3.07,0.5370855853607326,0.12501686973291445,-0.30235018072872993,0,0,0,-0.483,-0.566966303887374,-0.6937165870279518,-0.7649684045691821,0,0,0,0,0.0,0.0,0.0,0.0
2012-04,2012-04-30,2012-04-20,-0.53,ALFRED,-0.5210075420393531,-0.6728001328326959,-0.7172365844756555,2012-04-30,2012-04-30,3.2,FRED truncado; ALFRED sem arquivo,0.9705562952164543,0.6707882406711008,-0.17279406548542334,0,3.2,0.9705562952164543,0.6707882406711008,-0.17279406548542334,0,0,0,-0.429,-0.2625830959385562,-0.5703872492408552,-0.6860967530726095,0,0,0,0,0.0,0.0,0.0,0.0
2012-05,2012-05-31,2012-05-25,-0.5,ALFRED,-0.2582209044029295,-0.5339164463844098,-0.6564641255507737,2012-05-31,2012-05-31,3.4,FRED truncado; ALFRED sem arquivo,1.5955307068193143,1.58285709288628,0.021579437375917557,1,3.4,1.5955307068193143,1.58285709288628,0.021579437375917557,1,0,0,-0.314,0.42875004428133445,-0.17884894189450556,-0.5535054461168865,0,0,1,1,0.25,0.25,0.0,0.0
2012-06,2012-06-30,2012-06-22,-0.45,ALFRED,0.06932679099900457,-0.2992782204798868,-0.5770103289653696,2012-06-30,2012-06-30,3.39,FRED truncado; ALFRED sem arquivo,1.440135846167085,1.6532533188556866,0.004236394378545131,1,3.39,1.440135846167085,1.6532533188556866,0.004236394378545131,1,0,0,-0.324,0.4530362003821427,-0.13941790102417184,-0.5412407292956011,0,0,1,1,0.25,0.25,0.25,0.25
2012-07,2012-07-31,2012-07-20,-0.58,ALFRED,-0.6556606195486121,-0.8791162349332602,-0.6916807216447873,2012-07-31,2012-07-31,3.27,FRED truncado; ALFRED sem arquivo,0.9320689694979033,1.1951810259855005,-0.11884933910899552,1,3.27,0.9320689694979033,1.1951810259855005,-0.11884933910899552,1,0,0,-0.414,-0.05598509377155522,-0.46919856542007776,-0.6056162607087557,0,0,1,1,0.25,0.25,0.25,0.25
2012-08,2012-08-31,2012-08-24,-0.63,ALFRED,-0.8963043394412241,-1.128717452881449,-0.7187702111276995,2012-08-31,2012-08-31,3.21,FRED truncado; ALFRED sem arquivo,0.6806180200398162,0.9514566921194899,-0.17812543535265504,1,3.21,0.6806180200398162,0.9514566921194899,-0.17812543535265504,1,0,0,-0.503,-0.550479736798963,-0.8625390449819359,-0.6652088886392878,0,0,1,1,0.25,0.25,0.25,0.25
2012-09,2012-09-30,2012-09-21,-0.74,ALFRED,-1.471353263397304,-1.7060789963296683,-0.8377907268921468,2012-09-30,2012-09-30,3.07,FRED truncado; ALFRED sem arquivo,0.18259318715537848,0.4490207264494084,-0.3017445430955826,0,3.07,0.18259318715537848,0.4490207264494084,-0.3017445430955826,0,0,0,-0.566,-0.8718897934726133,-1.1529074888419888,-0.6948485984782957,0,0,0,0,0.0,0.0,0.25,0.25
2012-10,2012-10-31,2012-10-19,-0.76,ALFRED,-1.5099449707460042,-1.8128269833535338,-0.8636743290258064,2012-10-31,2012-10-31,2.73,FRED truncado; ALFRED sem arquivo,-0.9423042226306485,-0.7011146391572681,-0.6203301947526021,0,2.73,-0.9423042226306485,-0.7011146391572681,-0.6203301947526021,0,0,0,-0.584,-0.932272585033403,-1.2088081400279873,-0.6966325085807965,0,0,0,0,0.0,0.0,0.0,0.0
2012-11,2012-11-30,2012-11-23,-0.8,ALFRED,-1.5652278503259787,-1.9160271540647316,-0.9454876680731873,2012-11-30,2012-11-30,2.95,FRED truncado; ALFRED sem arquivo,-0.16520191326053738,0.05308203151247441,-0.34908591596760585,0,2.95,-0.16520191326053738,0.05308203151247441,-0.34908591596760585,0,0,0,-0.586,-0.902758831660501,-1.1744164903854528,-0.7023951918057928,0,0,0,0,0.0,0.0,0.0,0.0
2012-12,2012-12-31,2012-12-21,-0.81,ALFRED,-1.5145828050565102,-1.8511545150223885,-0.996588455750781,2012-12-31,2012-12-31,2.85,FRED truncado; ALFRED sem arquivo,-0.5493489033708692,-0.3258415362657589,-0.44215857074207227,0,2.85,-0.5493489033708692,-0.3258415362657589,-0.44215857074207227,0,0,0,-0.627,-1.1063257768424468,-1.3369450404536696,-0.7689606942945666,0,0,0,0,0.0,0.0,0.0,0.0
2013-01,2013-01-31,2013-01-25,-0.88,ALFRED,-1.7312569524930173,-2.090652385307992,-1.1503161378154423,2013-01-31,2013-01-31,2.82,FRED truncado; ALFRED sem arquivo,-0.6904974415505072,-0.46557700398882745,-0.4551859582575839,0,2.82,-0.6904974415505072,-0.46557700398882745,-0.4551859582575839,0,0,0,-0.669,-1.3195118914584874,-1.4845737788812818,-0.8411026511619123,0,0,0,0,0.0,0.0,0.0,0.0
2013-02,2013-02-28,2013-02-22,-0.77,ALFRED,-1.476386911364185,-1.7760054556723963,-1.1512738278677428,2013-02-28,2013-02-28,2.89,FRED truncado; ALFRED sem arquivo,-0.5126845688181582,-0.24664080819503667,-0.31378348393465605,0,2.89,-0.5126845688181582,-0.24664080819503667,-0.31378348393465605,0,0,0,-0.677,-1.3190372484026311,-1.4354500708605824,-0.9005471880680023,0,0,0,0,0.0,0.0,0.0,0.0
2013-03,2013-03-31,2013-03-22,-0.81,ALFRED,-1.5173098012374997,-1.8220783377638226,-1.335191304883072,2013-03-31,2013-03-31,2.96,FRED truncado; ALFRED sem arquivo,-0.32649902419949944,-0.04263465095297486,-0.13279685725349127,0,2.96,-0.32649902419949944,-0.04263465095297486,-0.13279685725349127,0,0,0,-0.693,-1.3409625559832172,-1.4382997424834383,-1.0274115801100823,0,0,0,0,0.0,0.0,0.0,0.0
2013-04,2013-04-30,2013-04-19,-0.81,ALFRED,-1.4028057708956834,-1.6706093320253907,-1.4110060592830154,2013-04-30,2013-04-30,2.83,FRED truncado; ALFRED sem arquivo,-0.9645219146382701,-0.6359537529558678,-0.42486309216441037,0,2.83,-0.9645219146382701,-0.6359537529558678,-0.42486309216441037,0,0,0,-0.734,-1.4918379977960634,-1.5517195855726515,-1.232292857768001,0,0,0,0,0.0,0.0,0.0,0.0
2013-05,2013-05-31,2013-05-24,-0.85,ALFRED,-1.4124916746105751,-1.7094629446910738,-1.5574149331982037,2013-05-31,2013-05-31,2.79,FRED truncado; ALFRED sem arquivo,-1.2136966276006775,-0.7846089593619321,-0.5493322384676911,0,2.79,-1.2136966276006775,-0.7846089593619321,-0.5493322384676911,0,0,0,-0.716,-1.3311970699692648,-1.3953135088495487,-1.2357198362482291,0,0,0,0,0.0,0.0,0.0,0.0
2013-06,2013-06-30,2013-06-21,-0.74,ALFRED,-0.965586089844055,-1.1795717770525571,-1.2706533949725947,2013-06-30,2013-06-30,2.83,FRED truncado; ALFRED sem arquivo,-1.0830099668681392,-0.5900065679144737,-0.3698714303136031,0,2.83,-1.0830099668681392,-0.5900065679144737,-0.3698714303136031,0,0,0,-0.657,-0.9911343665679707,-1.0370867638542176,-1.0913175117248055,0,0,0,0,0.0,0.0,0.0,0.0
2013-07,2013-07-31,2013-07-26,-0.79,ALFRED,-1.0861022591032279,-1.3501951204792864,-1.4721261979747315,2013-07-31,2013-07-31,2.68,FRED truncado; ALFRED sem arquivo,-1.7214767117156708,-1.1566349827360454,-0.9145558165982934,0,2.68,-1.7214767117156708,-1.1566349827360454,-0.9145558165982934,0,0,0,-0.687,-1.0600566070444037,-1.1402170822957578,-1.2279799203971848,0,0,0,0,0.0,0.0,0.0,0.0
2013-08,2013-08-31,2013-08-23,-0.8,ALFRED,-1.0348269727663169,-1.2994932463938844,-1.4748263921107536,2013-08-31,2013-08-31,2.56,FRED truncado; ALFRED sem arquivo,-1.9753192825662662,-1.533854596113892,-1.3203676889311082,0,2.56,-1.9753192825662662,-1.533854596113892,-1.3203676889311082,0,0,0,-0.688,-0.9853198094366017,-1.0837901763874023,-1.2288248670693287,0,0,0,0,0.0,0.0,0.0,0.0
2013-09,2013-09-30,2013-09-20,-0.8,ALFRED,-0.9921821885215661,-1.239476063849564,-1.4485102222061936,2013-09-30,2013-09-30,2.75,FRED truncado; ALFRED sem arquivo,-1.0804275093092979,-0.7587226572896928,-0.5877232573200359,0,2.75,-1.0804275093092979,-0.7587226572896928,-0.5877232573200359,0,0,0,-0.7,-0.9908008274014654,-1.0879775311998363,-1.2627852465746334,0,0,0,0,0.0,0.0,0.0,0.0
2013-10,2013-10-31,2013-10-25,-0.87,ALFRED,-1.2179075352818098,-1.4442093092022465,-1.6710352491754024,2013-10-31,2013-10-31,2.65,FRED truncado; ALFRED sem arquivo,-1.3757685260176717,-1.0818330613347882,-0.9409425591376286,0,2.65,-1.3757685260176717,-1.0818330613347882,-0.9409425591376286,0,0,0,-0.75,-1.194539191931006,-1.2896917902221394,-1.4626583899631553,0,0,0,0,0.0,0.0,0.0,0.0
2013-11,2013-11-30,2013-11-22,-0.94,ALFRED,-1.5129685691257078,-1.5994137816663736,-1.8582903165515106,2013-11-30,2013-11-30,2.61,FRED truncado; ALFRED sem arquivo,-1.3994642048398653,-1.168483401405354,-1.0497881755446177,0,2.61,-1.3994642048398653,-1.168483401405354,-1.0497881755446177,0,0,0,-0.79,-1.3909554449329942,-1.416917492283367,-1.606899528249051,0,0,0,0,0.0,0.0,0.0,0.0
2013-12,2013-12-31,2013-12-20,-0.94,ALFRED,-1.4849693471856393,-1.5005046568967464,-1.7675682267869632,2013-12-31,2013-12-31,2.33,FRED truncado; ALFRED sem arquivo,-2.162466545911629,-2.0669828616393624,-2.0167496792202435,0,2.33,-2.162466545911629,-2.0669828616393624,-2.0167496792202435,0,0,0,-0.798,-1.4009073169919335,-1.3833669426595454,-1.577382908669607,0,0,0,0,0.0,0.0,0.0,0.0
2014-01,2014-01-31,2014-01-24,-0.94,ALFRED,-1.3954079301574078,-1.4160772202817147,-1.683358769673332,2014-01-31,2014-01-30,2.36,ALFRED,-1.8244680643368933,-1.8478618638777748,-1.8478192195584662,0,2.4,-1.7100660566154608,-1.727421054649325,-1.7189450318913924,0,0,0,-0.782,-1.1991822046140852,-1.253618982911027,-1.435469547010982,0,0,0,0,0.0,0.0,0.0,0.0
2014-02,2014-02-28,2014-02-21,-0.99,ALFRED,-1.4846899650515613,-1.4175674475621907,-1.6845194563815316,2014-02-28,2014-02-27,2.36,ALFRED,-1.6512752977472862,-1.790371005865133,-1.7932798636182974,0,2.35,-1.6790026989014721,-1.8196141147290856,-1.8246507726899255,0,0,0,-0.795,-1.1839150701395216,-1.2633581195467836,-1.4323246319595433,0,0,0,0,0.0,0.0,0.0,0.0
2014-03,2014-03-31,2014-03-21,-0.95,ALFRED,-1.1784794856269722,-1.2307621931487622,-1.486116916290956,2014-03-31,2014-03-28,2.25,ALFRED,-1.7756515891712576,-2.0231879978590372,-2.0941567612393297,0,2.26,-1.750144487637652,-1.9960059632977267,-2.0643985142279577,0,0,0,-0.793,-1.075402342873472,-1.198493513443534,-1.3594210388880568,0,0,0,0,0.0,0.0,0.0,0.0
2014-04,2014-04-30,2014-04-25,-0.92,ALFRED,-0.9699660865192071,-1.0966138787496469,-1.3359804938361128,2014-04-30,2014-04-29,2.15,ALFRED,-1.8546913694669547,-2.1722742356897586,-2.3404157495532316,0,2.16,-1.8308126098160324,-2.147171693515826,-2.3123157118669666,0,0,0,-0.785,-0.9443336382950671,-1.1204270878955467,-1.2637478951314542,0,0,0,0,0.0,0.0,0.0,0.0
2014-05,2014-05-31,2014-05-23,-0.94,ALFRED,-1.072013209179001,-1.1162922752767617,-1.3675514967759512,2014-05-31,2014-05-29,2.24,ALFRED,-1.4944692224669196,-1.7948128429709518,-1.9253692712442396,0,2.22,-1.5464252402489351,-1.845096285946035,-1.9813516566387048,0,0,0,-0.804,-1.0566109642696306,-1.1595273267232082,-1.3160938847154457,0,0,0,0,0.0,0.0,0.0,0.0
2014-06,2014-06-30,2014-06-20,-0.99,ALFRED,-1.3634290491741632,-1.2097924780314215,-1.4759478910059145,2014-06-30,2014-06-27,2.2,ALFRED,-1.521772420120474,-1.7770328993912567,-1.9157862466981521,0,2.18,-1.5755770329819456,-1.8250160153509922,-1.9696908569647775,0,0,0,-0.797,-1.0210237352841904,-1.0766081172835302,-1.2521033255041747,0,0,0,0,0.0,0.0,0.0,0.0
2014-07,2014-07-31,2014-07-25,-0.99,ALFRED,-1.4124347550643033,-1.166565146756509,-1.4348266107231984,2014-07-31,2014-07-30,2.17,ALFRED,-1.5075307360053396,-1.7270558011188644,-1.8780740594635397,0,2.17,-1.5075307360053603,-1.7270558011188717,-1.8780740594635519,0,0,0,-0.754,-0.5662411443825037,-0.8354770562456295,-0.9979296208193225,0,0,0,0,0.0,0.0,0.0,0.0
2014-08,2014-08-31,2014-08-22,-0.94,ALFRED,-0.9967408159572997,-0.976445262481387,-1.2104939984549532,2014-08-31,2014-08-28,2.23,ALFRED,-1.240588729973005,-1.4741928306831649,-1.6159317194349583,0,2.23,-1.2405887299730096,-1.474192830683172,-1.615931719434966,0,0,0,-0.736,-0.27980926858150784,-0.711963559592719,-0.8706476660886185,0,0,0,0,0.0,0.0,0.0,0.0
2014-09,2014-09-30,2014-09-19,-0.93,ALFRED,-0.8621268739636354,-0.9213009065769372,-1.1355297661894426,2014-09-30,2014-09-29,2.27,ALFRED,-1.0299866782387073,-1.2968589959506165,-1.4325628674732416,0,2.29,-0.965166003371967,-1.2493896932149073,-1.380868706606025,0,0,0,-0.685,0.526094669088916,-0.42832874983223074,-0.5820117370281429,0,0,0,0,0.0,0.0,0.0,0.0
2014-10,2014-10-31,2014-10-24,-0.75,ALFRED,0.8738832158819251,-0.2483829680167465,-0.5075465769016138,2014-10-31,2014-10-30,2.39,ALFRED,-0.5607023165732886,-0.940891598687239,-1.0594970758870492,0,2.39,-0.5607023165732768,-0.940891598687233,-1.059497075887049,0,0,0,-0.655,1.0972966003149456,-0.22142833899402642,-0.4084168642817047,0,0,0,0,0.0,0.0,0.0,0.0
2014-11,2014-11-30,2014-11-21,-0.9,ALFRED,-0.6013168224022515,-0.8400960164602777,-0.997491226628974,2014-11-30,2014-11-25,2.46,ALFRED,-0.2512203345246262,-0.7180387019090478,-0.8320206716902995,0,2.52,-0.0372700502998541,-0.5688729052858917,-0.6722053290245349,0,0,0,-0.66,1.17013062361499,-0.188954657847348,-0.4151290878241689,0,0,0,0,0.0,0.0,0.0,0.0
2014-12,2014-12-31,2014-12-26,-0.76,ALFRED,1.0149010089064454,-0.1743084233949032,-0.5059145171988024,2014-12-31,2014-12-30,2.49,ALFRED,-0.09631504299149286,-0.6043365253689189,-0.7400112181795359,0,2.51,-0.02247798305735821,-0.5532322917675423,-0.6868680960589154,0,0,0,-0.582,2.3462231866269914,0.4058197826264786,-0.011869062334901289,0,0,0,0,0.0,0.0,0.0,0.0
2015-01,2015-01-31,2015-01-23,-0.65,ALFRED,2.153245141223601,0.44863867802898116,-0.11977967594998562,2015-01-31,2015-01-29,2.58,ALFRED,0.29455514541542693,-0.3275288180362862,-0.4879764388627837,0,2.61,0.4079941015008164,-0.24808817107485556,-0.40782255309585325,0,0,0,-0.514,2.767079952132975,0.9454121164483149,0.3251921438591973,0,0,0,0,0.0,0.0,0.0,0.0
2015-02,2015-02-28,2015-02-20,-0.7,ALFRED,1.538631369952105,0.233137661375509,-0.2853157825965943,2015-02-28,2015-02-26,2.44,ALFRED,-0.20229694684703473,-0.6697482387395047,-0.8619687163707919,0,2.46,-0.1221478666817024,-0.6166716355402996,-0.8093422953321864,0,0,0,-0.533,2.1686841665191134,0.8380978477679173,0.22038255589707123,0,0,0,0,0.0,0.0,0.0,0.0
2015-03,2015-03-31,2015-03-20,-0.78,ALFRED,0.6234477931936049,-0.19870393721566948,-0.5542693979115696,2015-03-31,2015-03-30,2.55,ALFRED,0.35850914407734447,-0.33303201154445516,-0.5614223780185493,0,2.55,0.35850914407733075,-0.3330320115444525,-0.5614223780185467,0,0,0,-0.546,1.7924092451944393,0.7648920141055149,0.15048115189893188,0,0,0,0,0.0,0.0,0.0,0.0
2015-04,2015-04-30,2015-04-24,-0.82,ALFRED,0.18515326859756578,-0.39524483078343314,-0.6726218499426925,2015-04-30,2015-04-29,2.58,ALFRED,0.5770094682823392,-0.20720913265291255,-0.47959563466361604,0,2.6,0.6687025446475562,-0.15081562705112891,-0.4264051540815308,0,0,0,-0.553,1.5424176726192689,0.762744596907657,0.10676129010007253,0,0,0,0,0.0,0.0,0.0,0.0
2015-05,2015-05-31,2015-05-22,-0.75,ALFRED,0.7875975535479504,0.02971267707226165,-0.45993935298290345,2015-05-31,2015-05-28,2.75,ALFRED,1.4244841229990177,0.3625309772506751,-0.022762281597972757,0,2.72,1.294162655715085,0.27169517693134965,-0.10298803403495203,0,0,0,-0.554,1.3953037429542026,0.891811700281806,0.09756976358776061,0,0,0,0,0.0,0.0,0.0,0.0
2015-06,2015-06-30,2015-06-19,-0.79,ALFRED,0.38863037921732996,-0.20478033679719865,-0.5823829864479112,2015-06-30,2015-06-29,2.84,ALFRED,1.8808795049052547,0.7533269285750122,0.21783767727237208,0,2.83,1.8408169614891357,0.7208835420449509,0.191128340415526,0,0,0,-0.547,1.3625134050351295,1.1313690827528013,0.13304253353668044,1,1,0,1,0.0,0.25,0.0,0.0
2015-07,2015-07-31,2015-07-24,-0.79,ALFRED,0.37980324371955465,-0.17677013158023275,-0.5674112519777322,2015-07-31,2015-07-30,2.88,ALFRED,1.9215338607867363,0.9877408571728761,0.32103392936202463,0,2.94,2.1368745221069756,1.1905043689091444,0.4805960110773248,1,1,0,-0.506,1.588564326973346,1.635988585582746,0.3530590895863375,1,1,0,2,0.0,0.5,0.0,0.25
2015-08,2015-08-31,2015-08-21,-0.74,ALFRED,1.0054764323591112,0.3554354124723576,-0.36914622039346756,2015-08-31,2015-08-28,3.13,ALFRED,2.4699525248011276,1.9124415987161318,1.0131227909298144,1,3.15,2.523128498383397,1.9754124334885514,1.065602517598835,1,0,0,-0.424,2.0210222494463035,2.339751413676104,0.8324368701792166,1,1,1,2,0.25,0.5,0.0,0.5
2015-09,2015-09-30,2015-09-25,-0.64,ALFRED,1.8852882519970109,1.341884185860073,0.03780638730802808,2015-09-30,2015-09-29,3.26,ALFRED,2.4855614046529526,2.2674719603229065,1.3741432550610764,1,3.29,2.553593888315537,2.3532167051907136,1.4513736527673538,1,0,1,-0.411,1.8648894652337706,2.2649131742002764,1.0036471728178304,1,0,2,2,0.5,0.5,0.25,0.5
2015-10,2015-10-31,2015-10-23,-0.71,ALFRED,1.02583233474479,0.6672811683003659,-0.2112959296575516,2015-10-31,2015-10-29,3.21,ALFRED,2.0081964410503264,1.920480656777107,1.2080402100072791,1,3.19,1.960831540641515,1.8631504565690542,1.1564326037106376,1,0,1,-0.472,1.2784573447430503,1.6272800608188445,0.7369528741198986,1,0,2,2,0.5,0.5,0.5,0.5
2015-11,2015-11-30,2015-11-20,-0.71,ALFRED,0.9188438116204196,0.6976492500993652,-0.17569292368011694,2015-11-30,2015-11-27,3.22,ALFRED,1.8217753185209347,1.8672207913707914,1.2409755991345268,1,3.2,1.7761655003911967,1.8114198961870893,1.1893119245487462,1,0,1,-0.447,1.3368973058779068,1.7404605664253414,1.0092958568095998,1,0,2,2,0.5,0.5,0.5,0.5
2015-12,2015-12-31,2015-12-25,-0.59,ALFRED,1.9134912278280318,1.9546342174292017,0.5142774116814138,2015-12-31,2015-12-30,3.23,ALFRED,1.6583157128203039,1.7953092166636615,1.2773506771895649,1,3.23,1.6583157128202888,1.7953092166636586,1.2773506771895629,1,0,1,-0.363,1.7463332611309788,2.210628418433875,1.666828164990276,1,0,2,2,0.5,0.5,0.5,0.5
2016-01,2016-01-31,2016-01-22,-0.56,ALFRED,1.9467139008622856,2.1263191317852383,0.7333877449989542,2016-01-31,2016-01-28,3.48,ALFRED,2.0025537681892516,2.309311594735851,1.9048642988569484,1,3.48,2.0025537681892356,2.309311594735854,1.9048642988569469,1,0,1,-0.305,1.9024238770865014,2.364026925976062,2.023846508997255,1,0,2,2,0.5,0.5,0.5,0.5
2016-02,2016-02-29,2016-02-19,-0.52,ALFRED,1.9985563149554224,2.291650758010019,1.0200816448288728,2016-02-29,2016-02-26,3.56,ALFRED,1.915525710951546,2.296155733978883,2.0160617897394357,1,3.55,1.897735950414403,2.274663403623179,1.9930180687139603,1,0,1,-0.326,1.6026449574283108,2.014920013424197,1.8138325046664503,1,0,2,2,0.5,0.5,0.5,0.5
2016-03,2016-03-31,2016-03-25,-0.66,ALFRED,0.7154279287336445,0.8883873951141075,0.17724123467231623,2016-03-31,2016-03-30,3.11,ALFRED,0.8445518199070735,1.102394271475691,0.8541775208501743,1,3.12,0.8652723321344908,1.126618556031948,0.878977689819885,1,0,1,-0.38,1.1601650032400879,1.5419410656352304,1.4171680751364826,1,0,2,2,0.5,0.5,0.5,0.5
2016-04,2016-04-30,2016-04-22,-0.67,ALFRED,0.6935718920995906,0.951162971952783,0.36084376484845154,2016-04-30,2016-04-28,2.89,ALFRED,0.29373105518396236,0.5267110583050132,0.30718194209950755,1,2.86,0.22724088512116936,0.45195567836596523,0.23076102981166693,0,1,1,-0.393,0.9977043361148352,1.368620299354885,1.3190151124241518,1,0,2,1,0.5,0.25,0.5,0.5
2016-05,2016-05-31,2016-05-20,-0.63,ALFRED,0.900977050310067,1.1900179070283219,0.7012265652763459,2016-05-31,2016-05-27,2.85,ALFRED,0.14847151964444025,0.421179678127087,0.2415615487866011,0,2.84,0.1254162218702812,0.3962287705158244,0.21530863446699597,0,0,1,-0.381,1.0144316645924114,1.3572017768337246,1.4279723998929719,1,0,1,1,0.25,0.25,0.5,0.25
2016-06,2016-06-30,2016-06-24,-0.58,ALFRED,1.2674485624327805,1.5469151857382584,1.1666203724064814,2016-06-30,2016-06-29,2.9,ALFRED,0.2078226782903159,0.5446928456904263,0.416160635753473,0,2.92,0.2562189161683304,0.5942326341843716,0.4700969573296988,0,0,1,-0.357,1.129859820101629,1.4142197486977475,1.6040456266001601,1,0,1,1,0.25,0.25,0.25,0.25
2016-07,2016-07-31,2016-07-22,-0.65,ALFRED,0.5790858415982195,0.9394833341507416,0.7323682680511238,2016-07-31,2016-07-28,2.68,ALFRED,-0.43035313971388767,-0.022855101314783702,-0.1632426008813831,0,2.71,-0.3535101759795682,0.05213651754535713,-0.08016560860722718,0,0,1,-0.367,0.9954547665450446,1.2747744220274586,1.5169395379152206,1,0,1,1,0.25,0.25,0.25,0.25
2016-08,2016-08-31,2016-08-26,-0.71,ALFRED,-0.1265783271530459,0.4214978783732636,0.2699254868597839,2016-08-31,2016-08-30,2.62,ALFRED,-0.6759435358572929,-0.1837586309292241,-0.3057002613413516,0,2.61,-0.7026191576558325,-0.20875399469404066,-0.33386250150634555,0,0,0,-0.36,1.0037989717271887,1.2406774867793047,1.5110238900216977,1,1,0,1,0.0,0.25,0.25,0.25
2016-09,2016-09-30,2016-09-23,-0.6,ALFRED,1.4604180716729864,1.5681624198566906,1.5536625363102967,2016-09-30,2016-09-29,2.67,ALFRED,-0.6092102268878874,-0.04862867112954672,-0.13836644292253789,0,2.69,-0.5525046190651718,0.0014303046903357663,-0.08133170346771944,0,0,1,-0.346,1.0694917843726832,1.2460463302696845,1.5318810599243708,1,0,1,1,0.25,0.25,0.0,0.25
2016-10,2016-10-31,2016-10-21,-0.65,ALFRED,0.7576616362965232,1.0686150834175194,1.0996158431814862,2016-10-31,2016-10-06,2.61,ALFRED,-0.8488561393654286,-0.20158305617442196,-0.3068081032575957,0,2.61,-0.84885613936542,-0.2015830561744214,-0.3068081032575949,0,0,1,-0.387,0.6168726506685241,0.9557006515970219,1.226910918990905,1,0,1,1,0.25,0.25,0.25,0.25
2016-11,2016-11-30,2016-11-25,-0.77,ALFRED,-1.0375498727236439,-0.05518184791316312,-0.082540996176,2016-11-30,2016-10-06,2.61,ALFRED,-0.8488561393654288,-0.2015830561744217,-0.3068081032575956,0,2.45,-1.3220909095829148,-0.599065266015145,-0.7414785380530704,0,0,0,-0.436,0.012760279138335042,0.6299226863880124,0.8957338960271852,1,1,0,1,0.0,0.25,0.25,0.25
2016-12,2016-12-31,2016-12-23,-0.77,ALFRED,-1.0786932867171315,-0.11590624049905253,-0.09031184892325693,2016-12-31,2016-10-06,2.61,ALFRED,-0.8488561393654287,-0.20158305617442196,-0.30680810325759617,0,2.28,-1.7381233352411056,-1.0272982267567348,-1.1850872487792938,0,0,0,-0.473,-0.5085457868055763,0.369831030472102,0.646151224610597,0,0,0,0,0.0,0.0,0.0,0.25
2017-01,2017-01-31,2017-01-20,-0.79,ALFRED,-1.2674738167297706,-0.34473838499838466,-0.2975502559356803,2017-01-31,2016-10-06,2.61,ALFRED,-0.8488561393654286,-0.2015830561744219,-0.3068081032575961,0,2.23,-1.7322257617096286,-1.1298812781576137,-1.2721465367734086,0,0,0,-0.492,-0.7671571007463969,0.21181807675499195,0.5074737173992311,0,0,0,0,0.0,0.0,0.0,0.0
2017-02,2017-02-28,2017-02-17,-0.83,ALFRED,-1.7430415938400234,-0.8262270030579607,-0.7321389008383444,2017-02-28,2016-10-06,2.61,ALFRED,-0.8488561393654277,-0.20158305617442177,-0.30680810325759567,0,2.19,-1.7318763679846119,-1.2054523010196507,-1.3230768696266328,0,0,0,-0.493,-0.8201979814013439,0.15938384055050114,0.47870772993646676,0,0,0,0,0.0,0.0,0.0,0.0
2017-03,2017-03-31,2017-03-24,-0.78,ALFRED,-1.1994384760768255,-0.4235052443169638,-0.27412161602094337,2017-03-31,2017-03-30,2.23,ALFRED,-1.5252856148274871,-1.1011030664619792,-1.1608784450832021,0,2.24,-1.503439877877161,-1.0777453548355826,-1.134645243806657,0,0,0,-0.486,-0.79282409631347,0.1570968903937826,0.49691441244562407,0,0,0,0,0.0,0.0,0.0,0.0
2017-04,2017-04-30,2017-04-21,-0.77,ALFRED,-1.136322168302383,-0.3977414736829014,-0.19531858756746906,2017-04-30,2017-04-27,2.28,ALFRED,-1.3226093433478274,-0.9961064399264706,-0.9847620532615393,0,2.28,-1.3226093433478177,-0.9961064399264717,-0.9847620532615374,0,0,0,-0.513,-1.2232904557776976,-0.08787582251350899,0.3054700864361809,0,0,0,0,0.0,0.0,0.0,0.0
2017-05,2017-05-31,2017-05-19,-0.82,ALFRED,-1.7827699867985562,-1.0185484274980259,-0.7120038067013394,2017-05-31,2017-05-30,2.25,ALFRED,-1.2974380292228995,-1.076222239046044,-1.0260481114181692,0,2.23,-1.3392200076803515,-1.123457055143071,-1.0778215406622138,0,0,0,-0.55,-1.7522243990954085,-0.4445220501801484,0.054111831249258335,0,0,0,0,0.0,0.0,0.0,0.0
2017-06,2017-06-30,2017-06-23,-0.89,ALFRED,-2.3314346872037306,-1.8260283642974133,-1.3666481196251845,2017-06-30,2017-06-28,2.14,ALFRED,-1.4151527779742783,-1.3421672405748646,-1.2641991429881605,0,2.09,-1.5122973148074434,-1.4567524914514272,-1.3896092625717376,0,0,0,-0.571,-1.9802242999019766,-0.7200499885729824,-0.08959129540764868,0,0,0,0,0.0,0.0,0.0,0.0
2017-07,2017-07-31,2017-07-21,-0.93,ALFRED,-2.4173760156631237,-2.2746987079720533,-1.710372237942787,2017-07-31,2017-07-28,2.05,ALFRED,-1.4496141581795157,-1.5299837618120489,-1.4287801233574338,0,2.06,-1.4310609104153467,-1.507626564458227,-1.404424702077477,0,0,0,-0.579,-1.921246401634047,-0.8940107625131788,-0.1554230339899802,0,0,0,0,0.0,0.0,0.0,0.0
2017-08,2017-08-31,2017-08-25,-0.87,ALFRED,-1.8011340054517269,-1.779121892192642,-1.1766977450396898,2017-08-31,2017-08-30,2.14,ALFRED,-1.155420494898387,-1.2942173401902912,-1.156472775569885,0,2.14,-1.1554204948983795,-1.2942173401902912,-1.1564727755698823,0,0,0,-0.562,-1.5387826358208936,-0.8444560332434479,-0.06450154685097284,0,0,0,0,0.0,0.0,0.0,0.0
2017-09,2017-09-30,2017-09-22,-0.89,ALFRED,-1.7985664803622519,-1.95980612597469,-1.4140332736051322,2017-09-30,2017-09-28,2.05,ALFRED,-1.2389888854311792,-1.4687360631720945,-1.3261922358072056,0,2.0,-1.3325172432345453,-1.5772206544778464,-1.4441610462531023,0,0,0,-0.572,-1.4991432588485496,-1.0290032384552632,-0.14710859575616225,0,0,0,0,0.0,0.0,0.0,0.0
2017-10,2017-10-31,2017-10-20,-0.91,ALFRED,-1.8468537698050866,-2.129330090806802,-1.7006118558932501,2017-10-31,2017-10-30,1.92,ALFRED,-1.3722093793248027,-1.6743245694214746,-1.5640794703192866,0,1.91,-1.39038656684844,-1.6948304683600992,-1.586701939353827,0,0,0,-0.598,-1.6343276391283492,-1.3597150285194102,-0.3417817183185823,0,0,0,0,0.0,0.0,0.0,0.0
2017-11,2017-11-30,2017-11-24,-0.94,ALFRED,-1.8673961937523216,-2.259451837561965,-1.9084026064410393,2017-11-30,2017-11-29,1.92,ALFRED,-1.2609733397026528,-1.5748220500768904,-1.4901422999463623,0,1.88,-1.3343903209895438,-1.6542779155360927,-1.578521448260047,0,0,0,-0.605,-1.5472880287406208,-1.4981731137711904,-0.42452847856141884,0,0,0,0,0.0,0.0,0.0,0.0
2017-12,2017-12-31,2017-12-22,-0.92,ALFRED,-1.6124493763554937,-1.9708238012474943,-1.725162035073807,2017-12-31,2017-12-28,1.76,ALFRED,-1.456182607920522,-1.7851936378732307,-1.7762591207291465,0,1.77,-1.4382255317527226,-1.7666209618837192,-1.7552721414034562,0,0,0,-0.616,-1.5004381284870894,-1.586736192571778,-0.540816723954706,0,0,0,0,0.0,0.0,0.0,0.0
2018-01,2018-01-31,2018-01-26,-0.94,ALFRED,-1.6807106395310278,-2.012711426515677,-1.871349350484727,2018-01-31,2018-01-30,1.59,ALFRED,-1.7160651920217609,-1.9642915183248384,-2.0344862502006404,0,1.56,-1.7694138241493527,-2.0153276429392837,-2.0929519837015023,0,0,0,-0.606,-1.3029853138900185,-1.409147716508338,-0.511524958012254,0,0,0,0,0.0,0.0,0.0,0.0
2018-02,2018-02-28,2018-02-23,-0.79,ALFRED,-0.6249047051398238,-0.8840980316471755,-0.7173670476750813,2018-02-28,2018-02-27,1.69,ALFRED,-1.4845655401453506,-1.6475330188808466,-1.7223222499137503,0,1.68,-1.5052811167052116,-1.6644906531647046,-1.7417327723697777,0,0,0,-0.545,-0.6230246769335999,-0.746105309073367,-0.11518853173900026,0,0,0,0,0.0,0.0,0.0,0.0
2018-03,2018-03-31,2018-03-23,-0.77,ALFRED,-0.37310092056339705,-0.6761717685633308,-0.5430257999270018,2018-03-31,2018-03-28,1.86,ALFRED,-1.0163985379898275,-1.2566114891416313,-1.3205994333605824,0,1.85,-1.0399362586348744,-1.2737618983765961,-1.3402255417990776,0,0,0,-0.498,-0.07543036174427666,-0.25699833720492815,0.19851817943521707,0,0,0,0,0.0,0.0,0.0,0.0
2018-04,2018-04-30,2018-04-20,-0.79,ALFRED,-0.5357667360132125,-0.8677386110054719,-0.7842727413176627,2018-04-30,2018-04-27,1.8,ALFRED,-1.088420900750181,-1.2924752265989274,-1.4051818709971957,0,1.79,-1.1124975074510681,-1.3091442430062834,-1.4243710590327274,0,0,0,-0.54,-0.476795709690535,-0.7181943762591741,-0.17724673901517526,0,0,0,0,0.0,0.0,0.0,0.0
2018-05,2018-05-31,2018-05-25,-0.85,ALFRED,-1.054535766780962,-1.3586182244919627,-1.3636080801076402,2018-05-31,2018-05-30,1.91,ALFRED,-0.7305285746310284,-1.0374220707526476,-1.1521315536754488,0,1.89,-0.7829340485693921,-1.0708556224821535,-1.1905857586398394,0,0,0,-0.567,-0.710884372158065,-1.003907920715298,-0.46600232080816656,0,0,0,0,0.0,0.0,0.0,0.0
2018-06,2018-06-30,2018-06-22,-0.81,ALFRED,-0.6715308138543641,-1.0320043918926636,-1.0586330456653736,2018-06-30,2018-06-28,2.0,ALFRED,-0.4089771862614334,-0.8303706456022083,-0.9547079057547271,0,1.99,-0.4386814184567262,-0.8471985796037637,-0.9739950748399927,0,0,0,-0.543,-0.37103722674051687,-0.745969460370693,-0.3252553739743576,0,0,0,0,0.0,0.0,0.0,0.0
2018-07,2018-07-31,2018-07-20,-0.83,ALFRED,-0.8795947293817982,-1.1919020445883846,-1.2855229014444896,2018-07-31,2018-07-30,1.84,ALFRED,-0.8465306941647543,-1.0516604576929705,-1.2453124468506205,0,1.83,-0.877353963602097,-1.0681648387366365,-1.264068694321892,0,0,0,-0.566,-0.591193684958922,-0.9653812377293141,-0.6096555825767728,0,0,0,0,0.0,0.0,0.0,0.0
2018-08,2018-08-31,2018-08-24,-0.87,ALFRED,-1.297627644572762,-1.4655755978272271,-1.6617099276983343,2018-08-31,2018-08-30,1.9,ALFRED,-0.582225898266673,-0.8946384257764264,-1.099589410505406,0,1.92,-0.51512196276537,-0.8608820950909988,-1.0621375512228697,0,0,0,-0.601,-1.0055940776203423,-1.2626758474020738,-1.031524126532388,0,0,0,0,0.0,0.0,0.0,0.0
2018-09,2018-09-30,2018-09-21,-0.88,ALFRED,-1.4844036133046445,-1.4745595590484206,-1.7055676409796872,2018-09-30,2018-09-27,1.83,ALFRED,-0.7915394137093218,-0.9715169419964977,-1.202170761969247,0,1.84,-0.7544605350582039,-0.954303180609789,-1.1838106871109528,0,0,0,-0.596,-0.9324534200274119,-1.1428501033271636,-1.0286256041656463,0,0,0,0,0.0,0.0,0.0,0.0
2018-10,2018-10-31,2018-10-26,-0.84,ALFRED,-1.0009698843156485,-1.1207996224260957,-1.3362717688399328,2018-10-31,2018-10-30,2.03,ALFRED,0.11233962591117992,-0.5662593651816273,-0.7961559719418495,0,2.03,0.11233962591117354,-0.5662593651816262,-0.7961559719418462,0,0,0,-0.556,-0.15499159024996872,-0.6986198907008832,-0.6407838329929434,0,0,0,0,0.0,0.0,0.0,0.0
2018-11,2018-11-30,2018-11-23,-0.81,ALFRED,-0.5212364797744344,-0.8611360702494991,-1.0749018924449651,2018-11-30,2018-11-29,2.26,ALFRED,1.2801732883513863,-0.08950050160871123,-0.3432517084108155,0,2.27,1.3232573439109874,-0.07051869464055163,-0.32449314041302896,0,0,0,-0.466,1.8338789464339074,0.23492957832913236,0.31065570691558747,0,0,0,0,0.0,0.0,0.0,0.0
2018-12,2018-12-31,2018-12-21,-0.73,ALFRED,1.0675715750109318,-0.17929252423751227,-0.3578317318134678,2018-12-31,2018-12-28,2.44,ALFRED,2.0026962153249617,0.3195254992320573,0.004802348338047325,0,2.45,2.0385372510913493,0.3393947383806762,0.023611408895480527,0,0,0,-0.433,2.339783289795064,0.6077944085540058,0.6535752660632133,0,0,0,0,0.0,0.0,0.0,0.0
2019-01,2019-01-31,2019-01-25,-0.81,ALFRED,-0.5928578415170995,-0.8669814929625997,-1.0785715782349612,2019-01-31,2019-01-30,2.37,ALFRED,1.5871838651906662,0.2626693039683178,-0.12058275929110175,0,2.38,1.6245209604142006,0.2845604491080602,-0.10175885047270625,0,0,0,-0.513,0.7441150823633649,-0.18472516709890005,-0.25897592536473324,0,0,0,0,0.0,0.0,0.0,0.0
2019-02,2019-02-28,2019-02-22,-0.87,ALFRED,-1.7489379215859993,-1.4259959214731912,-1.595749291810307,2019-02-28,2019-02-27,2.25,ALFRED,1.0300297771312736,0.0840223093762965,-0.34290716954665335,0,2.22,0.9097005273787275,0.00796845200271377,-0.39914325028016534,0,0,0,-0.586,-0.7003026764861779,-0.9600097788969627,-1.0682053218459922,0,0,0,0,0.0,0.0,0.0,0.0
2019-03,2019-03-31,2019-03-22,-0.88,ALFRED,-1.937436032146217,-1.485919170439667,-1.6347833717397153,2019-03-31,2019-03-28,2.27,ALFRED,1.116674462334278,0.2183839254738651,-0.2918623866633359,0,2.26,1.0771513324499102,0.19072206257937968,-0.3106153204710947,0,0,0,-0.61,-1.1180744395012885,-1.1780137202605556,-1.3048176537372105,0,0,0,0,0.0,0.0,0.0,0.0
2019-04,2019-04-30,2019-04-19,-0.88,ALFRED,-1.9067141704168225,-1.4448859570561587,-1.5820194932369807,2019-04-30,2019-04-29,2.13,ALFRED,0.5502515692710096,-0.12887074024038733,-0.5402451986930982,0,2.14,0.5924936160571046,-0.0995917278099788,-0.5216050739061883,0,0,0,-0.618,-1.1828284161257698,-1.2069888528289507,-1.3575239917978357,0,0,0,0,0.0,0.0,0.0,0.0
2019-05,2019-05-31,2019-05-24,-0.86,ALFRED,-1.3960574711622389,-1.2027576419699235,-1.3604318404233073,2019-05-31,2019-05-30,2.33,ALFRED,1.391145904223657,0.5467254684713907,-0.14258240080617388,0,2.37,1.5414825855750747,0.6694944287321378,-0.06729763188154002,0,0,0,-0.583,-0.4084285335362217,-0.7477963293329986,-0.9622089899732117,0,0,0,0,0.0,0.0,0.0,0.0
2019-06,2019-06-30,2019-06-21,-0.83,ALFRED,-0.7454178258555313,-0.8974911132944585,-1.0900625580326766,2019-06-30,2019-06-27,2.31,ALFRED,1.2039983681919342,0.5821678706539803,-0.16297482965631163,0,2.31,1.2039983681918844,0.5821678706539711,-0.16297482965631105,0,0,0,-0.579,-0.31594009915972276,-0.6601244022659858,-0.9063967912726533,0,0,0,0,0.0,0.0,0.0,0.0
2019-07,2019-07-31,2019-07-26,-0.86,ALFRED,-1.4482104418609767,-1.2622141206417408,-1.3284154441283917,2019-07-31,2019-07-30,2.14,ALFRED,0.4759130285781453,0.047360176856567966,-0.4644720359033358,0,2.13,0.4363248331222273,0.011325611615042499,-0.4835259550217754,0,0,0,-0.581,-0.3563151664411358,-0.6482161832308139,-0.903157388705313,0,0,0,0,0.0,0.0,0.0,0.0
2019-08,2019-08-31,2019-08-23,-0.75,ALFRED,0.7259221428567738,-0.10514826403328824,-0.5294421686482672,2019-08-31,2019-08-29,2.27,ALFRED,0.9808880139060446,0.5908652981660706,-0.17835857251270285,0,2.26,0.9432022132058037,0.5535469305437326,-0.19797465512149173,0,0,0,-0.53,0.6875310995736124,0.1329851971529831,-0.3334640669462174,0,0,0,0,0.0,0.0,0.0,0.0
2019-09,2019-09-30,2019-09-20,-0.74,ALFRED,0.890291115758969,0.11812549999676795,-0.4199605483966724,2019-09-30,2019-09-27,2.19,ALFRED,0.6178943556010184,0.3626614929373064,-0.3038058846562822,0,2.2,0.6561966597652187,0.4031601029746334,-0.28344437911212933,0,0,0,-0.514,0.9525472703080063,0.5133339263086422,-0.13882516390930816,0,0,0,0,0.0,0.0,0.0,0.0
2019-10,2019-10-31,2019-10-25,-0.76,ALFRED,0.2373340873376543,-0.18150163092912305,-0.5974684917592228,2019-10-31,2019-10-30,2.17,ALFRED,0.4904106734672856,0.3522415164024894,-0.31228740498392593,0,2.18,0.52896249820123,0.39561556503123135,-0.29120901238788566,0,0,0,-0.554,0.09533346685571445,-0.11666868020826086,-0.5551852058325666,0,0,0,0,0.0,0.0,0.0,0.0
2019-11,2019-11-30,2019-11-22,-0.78,ALFRED,-0.46305681443450686,-0.6272556843100502,-0.796687368726031,2019-11-30,2019-11-26,2.11,ALFRED,0.20720393190605635,0.1293691093740872,-0.4090365542465733,0,2.08,0.08911710910184142,-0.006470042812245141,-0.47464949402463036,0,0,0,-0.574,-0.35411232303466394,-0.46901040856582404,-0.7425541931668345,0,0,0,0,0.0,0.0,0.0,0.0
2019-12,2019-12-31,2019-12-20,-0.79,ALFRED,-0.82517940633025,-0.8658863081596851,-0.8831546154938145,2019-12-31,2019-12-30,1.97,ALFRED,-0.40936087335658766,-0.48325462919702733,-0.693173048391341,0,1.98,-0.36904214350794673,-0.4378122256583607,-0.6704258379989819,0,0,0,-0.559,-0.0897340889920924,-0.10407411716913345,-0.5480351665980623,0,0,0,0,0.0,0.0,0.0,0.0
2020-01,2020-01-31,2020-01-24,-0.82,ALFRED,-1.6830121062227688,-1.5640304415007926,-1.1898880721952343,2020-01-31,2020-01-30,2.08,ALFRED,-0.04170445956937191,0.052697852666779996,-0.40398233473517914,0,2.13,0.1865370574185786,0.28292913939987274,-0.27782994133487093,0,0,0,-0.626,-1.5059042516086198,-1.4989488250867389,-1.2706829253354757,0,0,0,0,0.0,0.0,0.0,0.0
2020-02,2020-02-29,2020-02-21,-0.84,ALFRED,-2.031535068412911,-1.9585315979530507,-1.3953465924473443,2020-02-29,2020-02-27,2.27,ALFRED,0.798128035506406,0.9281188958921622,0.17651334392738346,0,2.38,1.3082739779605945,1.4063984605624498,0.4966742863297814,1,1,0,-0.294,3.5411223176905144,4.141543438439587,2.523446719545483,1,1,0,2,0.0,0.5,0.0,0.0
2020-03,2020-03-31,2020-03-20,-0.17,ALFRED,4.377588336732755,5.3172850173911,4.473637227938864,2020-03-31,2020-03-30,3.89,ALFRED,4.148183246003507,4.761123161531759,4.21916766144677,1,3.93,4.168341306113017,4.795316648828512,4.279350467647848,1,0,1,0.275,4.330930301428024,5.331577432681991,5.4351030893747145,1,0,2,2,0.5,0.5,0.0,0.5
2020-04,2020-04-30,2020-04-24,-0.23,ALFRED,2.779270136598454,3.4676727956222235,3.327822826098884,2020-04-30,2020-04-29,3.24,ALFRED,2.143615097489682,2.597837672124472,2.423233151625275,1,3.23,2.126850640454479,2.579226906276309,2.402537634781348,1,0,1,0.161,2.829432721458476,3.540555789941344,3.7993843828756884,1,0,2,2,0.5,0.5,0.5,0.5
2020-05,2020-05-31,2020-05-22,-0.51,ALFRED,0.9707695373883949,1.316476045330765,1.229117436824816,2020-05-31,2020-05-28,3.1,ALFRED,1.6449647677174142,2.0688185859476356,2.0272564387157868,1,3.08,1.6094792148579469,2.030729905557412,1.9849336842299805,1,0,1,-0.271,0.8673648257236283,1.203522575148741,1.250706591566114,1,0,2,2,0.5,0.5,0.5,0.5
2020-06,2020-06-30,2020-06-19,-0.59,ALFRED,0.49812097338236644,0.7549792569410241,0.6797399903312891,2020-06-30,2020-06-29,2.94,ALFRED,1.1954638503614046,1.5939837446661382,1.6428718252284653,1,2.93,1.1844429383894708,1.582075722183962,1.627513764273905,1,0,1,-0.387,0.33739793236442633,0.5784451138789314,0.5879451969728219,1,0,2,2,0.5,0.5,0.5,0.5
2020-07,2020-07-31,2020-07-24,-0.5,ALFRED,-0.022119894963301422,0.16902207842702097,0.16228200803152337,2020-07-31,2020-07-30,2.6,ALFRED,0.44813440700676277,0.8311172501567275,0.8559190254236775,1,2.6,0.4481344070067574,0.8311172501567228,0.8559190254236707,1,0,0,-0.478,-0.07217905572631256,0.09753316497309497,0.07651579016062998,0,0,1,1,0.25,0.25,0.5,0.5
2020-08,2020-08-31,2020-08-21,-0.53871,ALFRED,-0.22259086435393208,-0.050105322205822866,-0.05506456018285714,2020-08-31,2020-08-28,2.71,ALFRED,0.6191646966703146,1.016763580754609,1.1073659213341345,1,2.67,0.5383620317832304,0.9371562941478773,1.0167284676237467,1,0,0,-0.511,-0.23339998899672892,-0.07952073423561752,-0.09730693347619412,0,0,1,1,0.25,0.25,0.25,0.25
2020-09,2020-09-30,2020-09-25,-0.48696,ALFRED,-0.04170080675511648,0.17405712266451476,0.23484836137764614,2020-09-30,2020-09-29,2.74,ALFRED,0.6247829430450631,1.028523580348258,1.177160304004948,1,2.75,0.6454917882737231,1.048122573188884,1.1996299698894068,1,0,0,-0.495,-0.18322662639245357,-0.008170918812416824,0.014348507759259,0,0,1,1,0.25,0.25,0.25,0.25
2020-10,2020-10-31,2020-10-23,-0.51891,ALFRED,-0.1847512454024332,0.005926129381055602,0.07748057491991617,2020-10-31,2020-10-29,2.61,ALFRED,0.28954443093827154,0.716043350680575,0.8682895096486896,1,2.61,0.2895444309382686,0.7160433506805723,0.8682895096486827,1,0,0,-0.51,-0.25857566363806067,-0.09860328930021513,-0.05913559508136328,0,0,1,1,0.25,0.25,0.25,0.25
2020-11,2020-11-30,2020-11-20,-0.57355,ALFRED,-0.4124172023081287,-0.2825051477557503,-0.2192134851523123,2020-11-30,2020-11-25,2.32,ALFRED,-0.36594738879112715,0.08809412332187952,0.18877063345980655,0,2.29,-0.43002488879504736,0.02683939703809743,0.11912128028175055,0,0,0,-0.572,-0.5101094306685187,-0.4256993527407488,-0.40891431966657055,0,0,0,0,0.0,0.0,0.25,0.25
2020-12,2020-12-31,2020-12-25,-0.60471,ALFRED,-0.506516220104992,-0.4395454558612424,-0.3751278019372254,2020-12-31,2020-12-30,2.2,ALFRED,-0.6035972239732416,-0.19039504154322257,-0.09045399111833025,0,2.18,-0.6454676771357146,-0.2318544818605024,-0.13690098476935367,0,0,0,-0.609,-0.6347402831469627,-0.6193333456621052,-0.6086500973543846,0,0,0,0,0.0,0.0,0.0,0.0
2021-01,2021-01-31,2021-01-22,-0.63774,ALFRED,-0.6170740813876368,-0.6017695472859234,-0.5407823383854102,2021-01-31,2021-01-28,2.17,ALFRED,-0.6427315022516594,-0.2998461391018433,-0.15761654806142472,0,2.17,-0.6427315022516534,-0.2998461391018419,-0.1576165480614232,0,0,0,-0.623,-0.6695558246640019,-0.6885329723982109,-0.6717666425772119,0,0,0,0,0.0,0.0,0.0,0.0
2021-02,2021-02-28,2021-02-19,-0.65002,ALFRED,-0.6666397024677023,-0.6577103715734588,-0.5985904421545786,2021-02-28,2021-02-25,2.12,ALFRED,-0.7392262098088748,-0.4489975169186846,-0.27255659455758785,0,2.12,-0.7392262098088667,-0.44899751691868245,-0.27255659455758535,0,0,0,-0.631,-0.6924696663520901,-0.7131155676873318,-0.6981429560686297,0,0,0,0,0.0,0.0,0.0,0.0
2021-03,2021-03-31,2021-03-26,-0.63474,ALFRED,-0.6078774029644458,-0.5693705196200742,-0.5038501321796216,2021-03-31,2021-03-30,2.04,ALFRED,-0.8821937295349851,-0.6494538780896358,-0.4512847620036053,0,2.03,-0.9021422358895637,-0.6714702032450452,-0.4743297491263687,0,0,0,-0.652,-0.7709636396762326,-0.7919616044207762,-0.7950996131611253,0,0,0,0,0.0,0.0,0.0,0.0
2021-04,2021-04-30,2021-04-23,-0.68461,ALFRED,-0.8014722563272625,-0.7870015851273503,-0.752957625383449,2021-04-30,2021-04-29,1.97,ALFRED,-1.0030093039788621,-0.8306100602432159,-0.5986603970835324,0,1.96,-1.022465452020016,-0.8527049369156697,-0.6215335106581852,0,0,0,-0.686,-0.8954479205692345,-0.933446073919502,-0.9613582341517484,0,0,0,0,0.0,0.0,0.0,0.0
2021-05,2021-05-31,2021-05-21,-0.68875,ALFRED,-0.7918793039542862,-0.7781823131078666,-0.7521631798082493,2021-05-31,2021-05-27,1.98,ALFRED,-0.9271700995139741,-0.8165632418725179,-0.5602570965505856,0,1.99,-0.9079215641622574,-0.7943073859786939,-0.5374269812353887,0,0,0,-0.698,-0.9126600094779213,-0.963806922747526,-1.0017434977869142,0,0,0,0,0.0,0.0,0.0,0.0
2021-06,2021-06-30,2021-06-25,-0.7165,ALFRED,-0.9251929206453433,-0.9792671232529583,-1.0065068879983217,2021-06-30,2021-06-29,1.87,ALFRED,-1.0910673764243635,-1.058785868129163,-0.8034519421921875,0,1.87,-1.0910673764243524,-1.0587858681291575,-0.8034519421921801,0,0,0,-0.691,-0.8530051833312375,-0.898059349041729,-0.9395245322106633,0,0,0,0,0.0,0.0,0.0,0.0
2021-07,2021-07-31,2021-07-23,-0.67717,ALFRED,-0.7517837822136225,-0.7712782569162149,-0.7819631218374681,2021-07-31,2021-07-29,1.94,ALFRED,-0.9210393019206002,-0.9105080028463597,-0.6324337083512641,0,1.95,-0.9025001647358203,-0.8883431187728423,-0.6098438830163975,0,0,0,-0.66,-0.7063357022157107,-0.7275178332189447,-0.7518482699369711,0,0,0,0,0.0,0.0,0.0,0.0
2021-08,2021-08-31,2021-08-20,-0.66728,ALFRED,-0.6757334096517525,-0.7056404473122388,-0.7099892413968754,2021-08-31,2021-08-30,1.92,ALFRED,-0.9179331845886942,-0.9584242413641293,-0.6659584280491684,0,1.94,-0.8814257748730994,-0.9141438286545236,-0.6209899205251839,0,0,0,-0.652,-0.6471252663342583,-0.6787039983308903,-0.6932699768548026,0,0,0,0,0.0,0.0,0.0,0.0
2021-09,2021-09-30,2021-09-24,-0.68249,ALFRED,-0.6902803673122903,-0.7566184388213283,-0.7727829175384604,2021-09-30,2021-09-29,1.81,ALFRED,-1.080143633103662,-1.213387262854588,-0.9072250264158638,0,1.85,-1.009639380394727,-1.1261557695495001,-0.8184142683773622,0,0,0,-0.658,-0.641176022368133,-0.6962504844588051,-0.7132043301904332,0,0,0,0,0.0,0.0,0.0,0.0
2021-10,2021-10-31,2021-10-22,-0.6935,ALFRED,-0.6974514230031813,-0.7847756071191597,-0.8201470663742931,2021-10-31,2021-10-28,1.69,ALFRED,-1.2387098392783251,-1.4431761799669833,-1.1652967669238612,0,1.69,-1.2387098392783182,-1.443176179966979,-1.165296766923852,0,0,0,-0.625,-0.49476232191081954,-0.5249469074001525,-0.5264961581382244,0,0,0,0,0.0,0.0,0.0,0.0
2021-11,2021-11-30,2021-11-19,-0.63408,ALFRED,-0.4626807466976177,-0.4915498117557689,-0.5107820159049533,2021-11-30,2021-11-29,1.81,ALFRED,-0.9765382655221742,-1.1188826655680517,-0.8854552496551071,0,1.81,-0.9765382655221652,-1.1188826655680442,-0.8854552496550993,0,0,0,-0.554,-0.21479639480448667,-0.16977431366973703,-0.13981008666734795,0,0,0,0,0.0,0.0,0.0,0.0
2021-12,2021-12-31,2021-12-24,-0.58094,ALFRED,-0.2693451522784105,-0.2540889647344601,-0.2668971769792204,2021-12-31,2021-12-29,1.85,ALFRED,-0.8855697132149273,-0.9791635042071702,-0.8009035098251508,0,1.85,-0.8855697132149212,-0.9791635042071685,-0.800903509825146,0,0,0,-0.559,-0.23477745478629938,-0.17740236236628903,-0.17448470024006624,0,0,0,0,0.0,0.0,0.0,0.0
2022-01,2022-01-31,2022-01-21,-0.58669,ALFRED,-0.2927715259302646,-0.2474709416420833,-0.2755876621996895,2022-01-31,2022-01-28,1.91,ALFRED,-0.751539280296601,-0.8099369594338011,-0.6932010764296267,0,1.93,-0.717625722752457,-0.7680363329172258,-0.6480327279083946,0,0,0,-0.543,-0.18558012841184504,-0.0957630571340642,-0.09309524148539786,0,0,0,0,0.0,0.0,0.0,0.0
2022-02,2022-02-28,2022-02-18,-0.53151,ALFRED,-0.05315136470593506,-0.0007149783863085848,0.013449751557128024,2022-02-28,2022-02-25,2.2,ALFRED,-0.21382772162515926,-0.17382722298721703,-0.04491718000327886,0,2.34,0.029497452924846883,0.12506041653223923,0.27963684095278174,0,0,0,-0.437,0.2676917353226772,0.3977520704084785,0.4830851874697542,0,0,0,0,0.0,0.0,0.0,0.0
2022-03,2022-03-31,2022-03-25,-0.33352,ALFRED,1.0110912522409785,0.8529820959689571,1.0154002042238028,2022-03-31,2022-03-30,1.93,ALFRED,-0.7106423804558334,-0.7490192485272077,-0.6971159493738406,0,1.93,-0.7106423804558244,-0.7490192485272047,-0.6971159493738349,0,0,0,-0.37,0.8651651704848917,0.6871667435718272,0.8340383727514432,0,0,0,0,0.0,0.0,0.0,0.0
2022-04,2022-04-30,2022-04-22,-0.35886,ALFRED,1.4859730361998864,0.7028355746065523,0.8581876810687373,2022-04-30,2022-04-28,2.06,ALFRED,-0.3432239062283515,-0.4601666750574541,-0.40572551163643766,0,2.05,-0.3680570377241234,-0.48116227044993826,-0.42911821809883194,0,0,0,-0.332,1.8079540649048889,0.8269110014737981,1.008348696590746,0,0,0,0,0.0,0.0,0.0,0.0
2022-05,2022-05-31,2022-05-20,-0.20212,ALFRED,2.390107001117332,1.313690741420287,1.5670278647353457,2022-05-31,2022-05-27,2.26,ALFRED,0.30762413297863167,-0.018123652216754712,0.056354221610898855,0,2.18,0.07862078780191807,-0.18718220159901153,-0.13281407366605102,0,0,1,-0.253,2.419279033862135,1.1415855824228218,1.3752143860655683,1,0,1,1,0.25,0.25,0.0,0.0
2022-06,2022-06-30,2022-06-24,-0.1431,ALFRED,2.511522853290553,1.4687185431877607,1.7535545068717964,2022-06-30,2022-06-29,2.24,ALFRED,0.39505343177331625,-0.05253667524836455,-0.0005050077511221412,0,2.31,0.622190686671533,0.09540254146014213,0.16559318715717067,0,0,1,-0.163,2.648820105785272,1.4659753116900243,1.7526303762250506,1,0,1,1,0.25,0.25,0.25,0.25
2022-07,2022-07-31,2022-07-22,-0.20144,ALFRED,2.056434904678994,1.1780927070949625,1.430863351064831,2022-07-31,2022-07-28,2.42,ALFRED,1.061817181591088,0.3169418021267464,0.40606434763608407,0,2.36,0.8657373707560997,0.19034497753584723,0.26266209617877784,0,0,1,-0.213,2.0140774981846543,1.169959009392928,1.4257303413856,1,0,1,1,0.25,0.25,0.25,0.25
2022-08,2022-08-31,2022-08-26,-0.26816,ALFRED,1.463647855458444,0.8368439530379242,1.046046281961769,2022-08-31,2022-08-30,2.17,ALFRED,0.286877536315999,-0.2173883690669534,-0.2166876092725751,0,2.18,0.3244118268178036,-0.1962786040036847,-0.19257482027126188,0,0,1,-0.219,1.7603409651963853,1.0859491981530622,1.3329376139178786,1,0,1,1,0.25,0.25,0.25,0.25
2022-09,2022-09-30,2022-09-23,-0.14145,ALFRED,1.8453820958291811,1.2526317230514643,1.5149660667269065,2022-09-30,2022-09-29,2.27,ALFRED,0.8875873973307326,-0.004833129957777349,0.007273894580804951,0,2.24,0.7587829201825226,-0.06826330950085929,-0.06598153191475241,0,0,1,-0.097,2.125807212569881,1.52021616922294,1.8238045729466634,1,0,1,1,0.25,0.25,0.25,0.25
2022-10,2022-10-31,2022-10-21,-0.11154,ALFRED,1.7179609830273257,1.2616786470031431,1.5295074731261142,2022-10-31,2022-10-28,2.3,ALFRED,1.2440916298435483,0.05500259801300741,0.06987910898127292,0,2.28,1.1496279385983812,0.012693441459283528,0.020860443635757963,0,0,1,-0.117,1.7883626215621877,1.3492578124600236,1.6366940041009665,1,0,1,1,0.25,0.25,0.25,0.25
2022-11,2022-11-30,2022-11-25,-0.26901,ALFRED,0.914851144739084,0.6156534900541225,0.8174362517550041,2022-11-30,2022-11-29,2.06,ALFRED,0.03873066087483135,-0.46456552025965886,-0.5173922489145095,0,2.15,0.5073619332731941,-0.27483723173254543,-0.29801641846566634,0,0,1,-0.176,1.3647552555856404,1.0452784780522466,1.308136340102899,1,0,1,1,0.25,0.25,0.25,0.25
2022-12,2022-12-31,2022-12-09,-0.21479,ALFRED,1.0178599990952513,0.7577345195857444,0.9945155604338525,2022-12-31,2022-12-29,2.01,ALFRED,-0.21717126739240147,-0.5824268829488001,-0.6239471477658433,0,1.99,-0.3219138685955285,-0.6243815895497932,-0.672360173442693,0,0,1,-0.218,1.0735974417978957,0.8285479332401213,1.0814914449977964,1,0,1,1,0.25,0.25,0.25,0.25
2023-01,2023-01-31,2023-01-20,-0.37016,ALFRED,0.34166745942065296,0.15968702774402205,0.3496651674542337,2023-01-31,2023-01-30,1.87,ALFRED,-0.9030256827070944,-0.8619954722462644,-0.9370087536362947,0,1.9,-0.7512671278304283,-0.8002415368715053,-0.8656077616273427,0,0,0,-0.304,0.619812705879613,0.4437358649247993,0.6701255894544332,0,0,0,0,0.0,0.0,0.25,0.25
2023-02,2023-02-28,2023-02-17,-0.45282,ALFRED,-0.014876452923152674,-0.14004964350505505,-0.011029172113410458,2023-02-28,2023-02-27,1.87,ALFRED,-0.848065022163331,-0.8267503130167638,-0.913493603868282,0,1.9,-0.6966388099129719,-0.7653720639981711,-0.8425747621553317,0,0,0,-0.267,0.7255605047721602,0.5920458772934915,0.8042535836654862,0,0,0,0,0.0,0.0,0.0,0.0
2023-03,2023-03-31,2023-03-24,-0.12072,ALFRED,1.288681340935684,1.3031341978435378,1.292703894605354,2023-03-31,2023-03-30,2.11,ALFRED,0.42348843494855903,-0.2614414836163409,-0.3185632009194712,0,2.11,0.42348843494852545,-0.2614414836163402,-0.3185632009194684,0,0,1,-0.147,1.1797093679806883,1.264436159604015,1.283644578011546,1,0,1,1,0.25,0.25,0.0,0.0
2023-04,2023-04-30,2023-04-21,-0.30218,ALFRED,0.5042006777417057,0.7444628957833237,0.5500600036737621,2023-04-30,2023-04-27,2.07,ALFRED,0.1829459035392351,-0.32113913059569554,-0.4126645520352645,0,2.08,0.23477793424497892,-0.29116473239986784,-0.3887417979792607,0,0,1,-0.187,0.917608599139198,1.2377279370078824,1.0608662941375007,1,0,1,1,0.25,0.25,0.25,0.25
2023-05,2023-05-31,2023-05-19,-0.30634,ALFRED,0.3886639874660871,0.71657328149386,0.4947335886706869,2023-05-31,2023-05-30,2.14,ALFRED,0.5234727136998004,-0.028394804274835844,-0.2300012207605464,0,2.16,0.6251357331119833,0.04014390343468416,-0.18199566136611203,0,0,1,-0.212,0.7332730465167391,1.0944615167062175,0.9128686996354042,1,0,1,1,0.25,0.25,0.25,0.25
2023-06,2023-06-30,2023-06-23,-0.31908,ALFRED,0.1233954586037413,0.5354767393513404,0.3647708912281781,2023-06-30,2023-06-29,1.92,ALFRED,-0.6831335681968564,-0.794471683131559,-0.7467055028737593,0,1.88,-0.8846895084042602,-0.944803964753901,-0.8408814417791346,0,0,1,-0.228,0.5914726551695942,0.9789154168941122,0.8089966733527744,1,0,1,1,0.25,0.25,0.25,0.25
2023-07,2023-07-31,2023-07-21,-0.39243,ALFRED,-0.35241160632900587,0.15380412705347118,0.0381060506074361,2023-07-31,2023-07-28,1.8,ALFRED,-1.2436134163605865,-1.2130228236367775,-1.0082755725995904,0,1.77,-1.3815262206731487,-1.3261673389304591,-1.077347363765841,0,0,0,-0.28,0.2534331023287923,0.69084215775542,0.5549636202514222,1,1,0,1,0.0,0.25,0.25,0.25
2023-08,2023-08-31,2023-08-25,-0.4,ALFRED,-0.4973045625740721,0.09969596527123895,-0.006225344605946562,2023-08-31,2023-08-30,1.82,ALFRED,-1.073652705256086,-1.100275864500136,-0.9263179642450675,0,1.83,-1.0274228754960761,-1.0593802401315109,-0.9033929908291733,0,0,0,-0.333,-0.12596061312141169,0.4067287132999966,0.3046222277069227,0,0,0,0,0.0,0.0,0.0,0.25
2023-09,2023-09-30,2023-09-22,-0.45798,ALFRED,-0.99458713180538,-0.19301896464334417,-0.25171435619946925,2023-09-30,2023-09-28,1.8,ALFRED,-1.1560473686027821,-1.218794514856561,-0.9457499672762524,0,1.78,-1.245844618208784,-1.3101926427385642,-0.9910395337485474,0,0,0,-0.311,-0.0897397419681933,0.48899094145989647,0.38331256025375265,0,0,0,0,0.0,0.0,0.0,0.0
2023-10,2023-10-31,2023-10-20,-0.38988,ALFRED,-0.7081170931860227,0.12918336118258128,0.022965264008575053,2023-10-31,2023-10-30,1.86,ALFRED,-0.926481583122021,-0.913829631666351,-0.781324072474786,0,1.85,-0.9747398586739227,-0.9661496223389677,-0.803957658637009,0,0,0,-0.283,0.003507246406022127,0.5943136412024297,0.48316692858850147,0,0,0,0,0.0,0.0,0.0,0.0
2023-11,2023-11-30,2023-11-24,-0.50404,ALFRED,-1.7507018524110944,-0.4865107243049843,-0.49364228794078563,2023-11-30,2023-11-29,1.72,ALFRED,-1.5915165167629797,-1.5869570456535989,-1.0779429859800935,0,1.67,-1.8019597175100477,-1.8292288240139352,-1.1879687815480464,0,0,0,-0.32,-0.39328780825553655,0.38196957519374397,0.2979762448766158,0,0,0,0,0.0,0.0,0.0,0.0
2023-12,2023-12-31,2023-12-22,-0.54284,ALFRED,-2.1929017037100715,-0.7170263037445018,-0.6737171655938133,2023-12-31,2023-12-28,1.62,ALFRED,-1.8727175735641899,-1.9273510246576007,-1.2665445608376336,0,1.61,-1.9101910237130366,-1.972004169058143,-1.288010381441005,0,0,0,-0.367,-0.9825730773526488,0.1188953891954608,0.0715406737049625,0,0,0,0,0.0,0.0,0.0,0.0
2024-01,2024-01-31,2024-01-26,-0.56413,ALFRED,-2.4061809434297174,-0.8545175755445481,-0.7835815364310775,2024-01-31,2024-01-30,1.58,ALFRED,-1.8321807061123483,-1.949243036455496,-1.3054400765547878,0,1.61,-1.72560710350371,-1.8200037292224873,-1.2421880475001459,0,0,0,-0.397,-1.5363851298160596,-0.06421625892973477,-0.08522927839594943,0,0,0,0,0.0,0.0,0.0,0.0
2024-02,2024-02-29,2024-02-23,-0.51816,ALFRED,-2.0503644256894544,-0.6631902211745817,-0.5767313777774846,2024-02-29,2024-02-28,1.55,ALFRED,-1.7915314284958193,-1.9380933665460391,-1.3154778595388972,0,1.55,-1.7915314284957293,-1.9380933665459985,-1.3154778595388845,0,0,0,-0.427,-1.8944256901109082,-0.2523724510173053,-0.20895906966572808,0,0,0,0,0.0,0.0,0.0,0.0
2024-03,2024-03-31,2024-03-22,-0.55572,ALFRED,-2.144647187889456,-0.9080553420584411,-0.7623316600432868,2024-03-31,2024-03-27,1.54,ALFRED,-1.6533208952328173,-1.827253501065613,-1.4678267242852265,0,1.5,-1.7840017607629433,-1.9824887157472617,-1.5653725102064517,0,0,0,-0.433,-1.8438959014874592,-0.32503730585047735,-0.1882824446724786,0,0,0,0,0.0,0.0,0.0,0.0
2024-04,2024-04-30,2024-04-19,-0.50758,ALFRED,-1.6421896616680982,-0.7016792495529043,-0.507437217536507,2024-04-30,2024-04-29,1.45,ALFRED,-1.7514031384178657,-2.0106880486014607,-1.719550589451959,0,1.44,-1.781326763773823,-2.046321964375456,-1.7452952265700081,0,0,0,-0.414,-1.5344289674296447,-0.27482866129317246,-0.034926330280975436,0,0,0,0,0.0,0.0,0.0,0.0
2024-05,2024-05-31,2024-05-24,-0.58016,ALFRED,-2.0066111682710273,-1.1906658156256857,-0.8993283429288631,2024-05-31,2024-05-30,1.46,ALFRED,-1.5401690163201855,-1.809500958199896,-1.702461623927628,0,1.46,-1.5401690163201338,-1.809500958199859,-1.7024616239275905,0,0,0,-0.41,-1.3646270180091211,-0.313482823816951,0.003375037261666597,0,0,0,0,0.0,0.0,0.0,0.0
2024-06,2024-06-30,2024-06-21,-0.5678,ALFRED,-1.764743247891408,-1.1901366949063181,-0.8077098296336042,2024-06-30,2024-06-27,1.55,ALFRED,-1.1357309579485304,-1.3782188688126527,-1.4350383184740314,0,1.55,-1.1357309579484882,-1.378218868812622,-1.435038318473992,0,0,0,-0.381,-0.9925862281011623,-0.20459718664776702,0.1646611324678008,0,0,0,0,0.0,0.0,0.0,0.0
2024-07,2024-07-31,2024-07-26,-0.58299,ALFRED,-1.7221796858713885,-1.337894436725682,-0.8840945912756782,2024-07-31,2024-07-30,1.65,ALFRED,-0.7178457679033682,-0.9484826683264775,-1.0826694027848591,0,1.68,-0.6107543448182473,-0.8400284217926113,-0.9880194306845619,0,0,0,-0.361,-0.7317775132693631,-0.13897810717355846,0.26296882024197016,0,0,0,0,0.0,0.0,0.0,0.0
2024-08,2024-08-31,2024-08-23,-0.5526,ALFRED,-1.4533850797359225,-1.2302138471955328,-0.7189675871978571,2024-08-31,2024-08-29,1.69,ALFRED,-0.5117882606309729,-0.7689044603270226,-0.9335001755916769,0,1.69,-0.5117882606309442,-0.7689044603270045,-0.933500175591646,0,0,0,-0.391,-0.9477781978300452,-0.4145503115922114,0.0815779931274673,0,0,0,0,0.0,0.0,0.0,0.0
2024-09,2024-09-30,2024-09-20,-0.57701,ALFRED,-1.562218453730196,-1.4632134948517947,-0.861120473580495,2024-09-30,2024-09-27,1.66,ALFRED,-0.5671758080902541,-0.8534484815255189,-1.036439997010744,0,1.63,-0.684886672514668,-0.9598068958518036,-1.143744633044448,0,0,0,-0.428,-1.2431163753695043,-0.7826470828816496,-0.13416208193776005,0,0,0,0,0.0,0.0,0.0,0.0
2024-10,2024-10-31,2024-10-25,-0.56125,ALFRED,-1.3709373101521445,-1.4023102002510164,-0.7525141076075854,2024-10-31,2024-10-30,1.44,ALFRED,-1.4056465717952484,-1.5931380513173985,-1.830212009848082,0,1.46,-1.3282895143836073,-1.5277079505191697,-1.7593427472379766,0,0,0,-0.446,-1.3590381880120266,-1.0284273288113839,-0.24368126379780394,0,0,0,0,0.0,0.0,0.0,0.0
2024-11,2024-11-30,2024-11-22,-0.64189,ALFRED,-1.8761447478055553,-1.9443994597483825,-1.2207030926920128,2024-11-30,2024-11-26,1.43,ALFRED,-1.3660851986512466,-1.5428757408121636,-1.7854681923645246,0,1.44,-1.32603591378427,-1.5111162667312001,-1.7502885759243227,0,0,0,-0.477,-1.5644915520117562,-1.3423656045746817,-0.43319641865164626,0,0,0,0,0.0,0.0,0.0,0.0
2024-12,2024-12-31,2024-12-20,-0.60364,ALFRED,-1.3426590008170276,-1.5187089730955428,-0.9119058968512768,2024-12-31,2024-12-30,1.43,ALFRED,-1.259413575465969,-1.4576268361590223,-1.696299332145711,0,1.42,-1.2996254966082728,-1.4885396559765989,-1.7309749741529648,0,0,0,-0.486,-1.5151609265446906,-1.482895090267575,-0.5053269492179651,0,0,0,0,0.0,0.0,0.0,0.0
2025-01,2025-01-31,2025-01-24,-0.65143,ALFRED,-1.527447601873499,-1.7437648699591919,-1.1497254320849577,2025-01-31,2025-01-30,1.45,ALFRED,-1.069242609553566,-1.3084247770965878,-1.5406280294696517,0,1.45,-1.0692426095534724,-1.3084247770965642,-1.5406280294695935,0,0,0,-0.509,-1.5806024889379195,-1.7208109237717246,-0.660529850362258,0,0,0,0,0.0,0.0,0.0,0.0
2025-02,2025-02-28,2025-02-21,-0.6668,ALFRED,-1.5142195087935257,-1.73723283680823,-1.2329534681583587,2025-02-28,2025-02-27,1.52,ALFRED,-0.6909971965511947,-1.0269758810531715,-1.2248577440646866,0,1.57,-0.4766229553538229,-0.8659185582569053,-1.0480667630464493,0,0,0,-0.481,-1.186501248763395,-1.4392149082646415,-0.5245731741150265,0,0,0,0,0.0,0.0,0.0,0.0
2025-03,2025-03-31,2025-03-21,-0.55589,ALFRED,-0.7730107339917965,-1.0877548315480965,-0.6983444095236807,2025-03-31,2025-03-28,1.73,ALFRED,0.35724887802768684,-0.30144960956824834,-0.43020885861687264,0,1.76,0.4999999999999486,-0.2020631747084721,-0.3208044165504762,0,0,0,-0.409,-0.3972918771541439,-0.7901623325280446,-0.1299667288945528,0,0,0,0,0.0,0.0,0.0,0.0
2025-04,2025-04-30,2025-04-25,-0.44273,ALFRED,0.22828894369138975,-0.41902104883439256,-0.14017000196106305,2025-04-30,2025-04-29,1.88,ALFRED,1.231765639539141,0.22578575196346484,0.13416753080305716,0,1.96,1.6026594794160756,0.49227503629855357,0.42670102007199273,0,0,0,-0.39,-0.09784750615008786,-0.6064117166818366,-0.05359559661214502,0,0,0,0,0.0,0.0,0.0,0.0
2025-05,2025-05-31,2025-05-23,-0.60589,ALFRED,-1.2440156238912037,-1.3171062245082963,-1.0685550492478677,2025-05-31,2025-05-29,1.81,ALFRED,1.052683490600772,0.012696146248876782,-0.12027347143325798,0,1.84,1.2199208406600004,0.11521973335554128,-0.01015454006776932,0,0,0,-0.467,-1.0271706193646277,-1.205332718738441,-0.5964301876670606,0,0,0,0,0.0,0.0,0.0,0.0
2025-06,2025-06-30,2025-06-20,-0.51043,ALFRED,-1.572249301494973,-1.4910627523470315,-0.9446612791550846,2025-06-30,2025-06-27,1.79,ALFRED,0.9637083361579359,-0.010245943434318262,-0.19131966929586233,0,1.75,0.7275860896137228,-0.15363607449462904,-0.33784305001436005,0,0,0,-0.497,-1.4062022588413765,-1.3839009998832417,-0.8558619592843486,0,0,0,0,0.0,0.0,0.0,0.0
2025-07,2025-07-31,2025-07-25,-0.56951,ALFRED,-2.2113211670775295,-1.8464543365549382,-1.3956781104059113,2025-07-31,2025-07-30,1.69,ALFRED,0.37018680629908135,-0.32763641004132765,-0.5415305875440554,0,1.67,0.24631875320893887,-0.40400741839552734,-0.6142086756194379,0,0,0,-0.519,-1.625874969431253,-1.4751177107680247,-1.061011668416383,0,0,0,0,0.0,0.0,0.0,0.0
2025-08,2025-08-31,2025-08-22,-0.56025,ALFRED,-1.987992660048929,-1.701163157415407,-1.409792799988168,2025-08-31,2025-08-28,1.75,ALFRED,0.8068049695989787,-0.04327679155902051,-0.30070139075448327,0,1.8,1.110234858278002,0.1559727314072289,-0.11772989016233873,0,0,0,-0.528,-1.599586021460843,-1.455879256055101,-1.1787044354919554,0,0,0,0,0.0,0.0,0.0,0.0
2025-09,2025-09-30,2025-09-19,-0.57265,ALFRED,-1.9725175517567048,-1.7314768336193218,-1.5446639210078053,2025-09-30,2025-09-29,1.64,ALFRED,0.10063399806008703,-0.456695001678684,-0.6964787335101087,0,1.67,0.29301094777985426,-0.33065406754388554,-0.5880181800670137,0,0,0,-0.527,-1.4728718227293327,-1.405120442131698,-1.2339913167727967,0,0,0,0,0.0,0.0,0.0,0.0
2025-10,2025-10-31,2025-10-24,-0.54921,ALFRED,-1.681419721808316,-1.5190860756347109,-1.4298180820588204,2025-10-31,2025-10-30,1.64,ALFRED,0.15891775562477173,-0.4171628770700585,-0.6943263804881343,0,1.69,0.49486667042145854,-0.18797597634611413,-0.513447842832625,0,0,0,-0.515,-1.2559619123555363,-1.265398092527103,-1.1940600025643309,0,0,0,0,0.0,0.0,0.0,0.0
2025-11,2025-11-30,2025-11-21,-0.53414,ALFRED,-1.4467693455060795,-1.342016422013826,-1.3341425094010175,2025-11-30,2025-11-26,1.78,ALFRED,1.0694090650123396,0.3044141742630768,-0.1755005592434618,0,1.78,1.0694090650121757,0.3044141742630672,-0.17550055924345365,0,0,0,-0.511,-1.1357145461245746,-1.1793873186796613,-1.1811283358873976,0,0,0,0,0.0,0.0,0.0,0.0
2025-12,2025-12-31,2025-12-26,-0.56896,ALFRED,-1.8962612292881194,-1.5996651355952816,-1.6178411170294782,2025-12-31,2025-12-30,1.75,ALFRED,0.8112876181503496,0.19231569583979363,-0.27934344934480426,0,1.72,0.6208385572970043,0.04164213742701453,-0.3884446009863981,0,0,0,-0.54,-1.5293293353087096,-1.3788781672940897,-1.4197275374029523,0,0,0,0,0.0,0.0,0.0,0.0
2026-01,2026-01-31,2026-01-23,-0.60032,ALFRED,-2.198599216991567,-1.7858954348784852,-1.853445168862243,2026-01-31,2026-01-29,1.63,ALFRED,0.0028359258558632383,-0.3894179374988847,-0.6975913302537718,0,1.62,-0.062384871868664364,-0.44000203392112236,-0.7334859901596151,0,0,0,-0.567,-1.795711487876087,-1.526585392434554,-1.6196987576684954,0,0,0,0,0.0,0.0,0.0,0.0
2026-02,2026-02-28,2026-02-20,-0.56294,ALFRED,-1.569645054326489,-1.410289962773453,-1.5402661659003274,2026-02-28,2026-02-25,1.73,ALFRED,0.6335667944595231,0.16219235750974167,-0.2905367844164225,0,1.8,1.0700692647183356,0.5215443004704334,-0.025777418643349977,0,0,0,-0.509,-0.7319171895823543,-0.9396008025541858,-1.1391253806316068,0,0,0,0,0.0,0.0,0.0,0.0
2026-03,2026-03-31,2026-03-20,-0.47504,ALFRED,-0.10905504193351592,-0.5851397298620864,-0.8478001237942403,2026-03-31,2026-03-30,1.79,ALFRED,0.9230847655692882,0.5526750634278847,-0.05329613242716099,0,1.79,0.9230847655691103,0.5526750634278482,-0.05329613242715797,0,0,0,-0.46,0.13226486473499866,-0.44180560862693924,-0.7381983804951257,0,0,0,0,0.0,0.0,0.0,0.0
2026-04,2026-04-30,2026-04-24,-0.518,ALFRED,-0.7995114431591981,-0.9986389607317256,-1.1360288325248977,2026-04-30,2026-04-29,1.69,ALFRED,0.1951656759970658,0.0509882605323441,-0.4151918797986926,0,1.7,0.2619808242116461,0.11045897627415718,-0.37705328048202486,0,0,0,-0.497,-0.4564752743255339,-0.7913279781060588,-0.9882954144286846,0,0,0,0,0.0,0.0,0.0,0.0
2026-05,2026-05-31,2026-05-22,-0.51,ALFRED,-0.6526180198014748,-0.929656217693709,-1.0580481151970433,2026-05-31,2026-05-28,1.57,ALFRED,-0.7032745901434225,-0.6711462450706278,-0.8499764738249331,0,1.57,-0.7032745901432764,-0.6711462450705752,-0.8499764738248838,0,0,0,-0.508,-0.5894093062668845,-0.887943265214885,-1.0287513383124596,0,0,0,0,0.0,0.0,0.0,0.0
2026-06,2026-06-30,2026-06-19,-0.516,ALFRED,-0.7129327204428824,-0.9944087699468844,-1.0711793820576616,2026-06-30,2026-06-29,1.55,ALFRED,-0.8481551924047285,-0.7667520487078073,-0.9028660340951521,0,1.53,-0.9813432741818702,-0.9037801500344745,-0.9823704911483018,0,0,0,-0.516,-0.6705386294850059,-0.9649886516680521,-1.0512246615638907,0,0,0,0,0.0,0.0,0.0,0.0
2026-07,2026-07-31,2026-07-24,-0.554,ALFRED,-1.4871959786602769,-1.497191689380239,-1.3440725458584923,2026-07-31,2026-07-30,1.64,ALFRED,-0.17697547136057387,-0.08865450791189791,-0.49769142249990594,0,1.63,-0.24580326512514486,-0.15913427774831376,-0.5407447341529708,0,0,0,-0.546,-1.2105933865352358,-1.3131270394357186,-1.2331277306325101,0,0,0,0,0.0,0.0,0.0,0.0
