mes,NFCI
1971-01,0.709
1971-02,0.878
1971-03,1.076
1971-04,1.424
1971-05,1.402
1971-06,1.028
1971-07,1.253
1971-08,2.037
1971-09,2.199
1971-10,1.575
1971-11,1.361
1971-12,1.315
1972-01,0.987
1972-02,0.607
1972-03,0.338
1972-04,0.152
1972-05,0.032
1972-06,0.215
1972-07,0.337
1972-08,0.158
1972-09,-0.113
1972-10,-0.178
1972-11,-0.252
1972-12,-0.212
1973-01,0.245
1973-02,0.915
1973-03,1.281
1973-04,1.207
1973-05,1.124
1973-06,1.285
1973-07,1.732
1973-08,2.311
1973-09,2.414
1973-10,2.231
1973-11,2.092
1973-12,1.768
1974-01,1.031
1974-02,0.476
1974-03,0.814
1974-04,1.902
1974-05,3.699
1974-06,4.877
1974-07,5.214
1974-08,4.647
1974-09,4.004
1974-10,3.293
1974-11,2.738
1974-12,2.451
1975-01,1.737
1975-02,1.131
1975-03,0.68
1975-04,0.296
1975-05,-0.078
1975-06,-0.175
1975-07,-0.16
1975-08,-0.074
1975-09,0.058
1975-10,0.154
1975-11,0.063
1975-12,-0.188
1976-01,-0.535
1976-02,-0.696
1976-03,-0.745
1976-04,-0.628
1976-05,-0.484
1976-06,-0.477
1976-07,-0.624
1976-08,-0.709
1976-09,-0.726
1976-10,-0.69
1976-11,-0.668
1976-12,-0.762
1977-01,-0.902
1977-02,-0.946
1977-03,-0.853
1977-04,-0.651
1977-05,-0.521
1977-06,-0.488
1977-07,-0.512
1977-08,-0.484
1977-09,-0.374
1977-10,-0.266
1977-11,-0.212
1977-12,-0.257
1978-01,-0.296
1978-02,-0.217
1978-03,0.042
1978-04,0.295
1978-05,0.527
1978-06,0.656
1978-07,0.571
1978-08,0.481
1978-09,0.891
1978-10,1.607
1978-11,2.036
1978-12,1.731
1979-01,1.135
1979-02,0.606
1979-03,0.264
1979-04,0.263
1979-05,0.452
1979-06,0.838
1979-07,1.17
1979-08,1.702
1979-09,2.197
1979-10,2.51
1979-11,2.307
1979-12,1.887
1980-01,1.783
1980-02,2.69
1980-03,3.754
1980-04,3.939
1980-05,2.709
1980-06,1.505
1980-07,0.826
1980-08,0.881
1980-09,1.222
1980-10,1.988
1980-11,2.879
1980-12,3.325
1981-01,2.7
1981-02,1.965
1981-03,1.664
1981-04,1.927
1981-05,2.706
1981-06,3.318
1981-07,3.524
1981-08,3.267
1981-09,2.988
1981-10,2.71
1981-11,2.388
1981-12,2.074
1982-01,1.905
1982-02,2.006
1982-03,2.108
1982-04,2.263
1982-05,2.596
1982-06,2.922
1982-07,3.049
1982-08,3.351
1982-09,3.392
1982-10,2.16
1982-11,1.132
1982-12,0.536
1983-01,0.242
1983-02,0.067
1983-03,0.013
1983-04,-0.093
1983-05,-0.189
1983-06,-0.172
1983-07,-0.085
1983-08,-0.083
1983-09,-0.083
1983-10,0.009
1983-11,0.1
1983-12,0.06
1984-01,-0.096
1984-02,-0.194
1984-03,-0.03
1984-04,0.382
1984-05,0.891
1984-06,1.218
1984-07,1.014
1984-08,0.575
1984-09,0.324
1984-10,0.107
1984-11,-0.118
1984-12,-0.281
1985-01,-0.388
1985-02,-0.348
1985-03,-0.267
1985-04,-0.333
1985-05,-0.46
1985-06,-0.438
1985-07,-0.315
1985-08,-0.143
1985-09,-0.14
1985-10,-0.269
1985-11,-0.33
1985-12,-0.264
1986-01,-0.256
1986-02,-0.295
1986-03,-0.331
1986-04,-0.417
1986-05,-0.472
1986-06,-0.44
1986-07,-0.489
1986-08,-0.585
1986-09,-0.549
1986-10,-0.539
1986-11,-0.548
1986-12,-0.506
1987-01,-0.482
1987-02,-0.432
1987-03,-0.173
1987-04,0.306
1987-05,0.62
1987-06,0.424
1987-07,0.046
1987-08,0.034
1987-09,0.488
1987-10,1.103
1987-11,1.112
1987-12,0.836
1988-01,0.363
1988-02,0.134
1988-03,0.133
1988-04,0.248
1988-05,0.256
1988-06,0.303
1988-07,0.432
1988-08,0.399
1988-09,0.254
1988-10,0.186
1988-11,0.157
1988-12,0.143
1989-01,0.188
1989-02,0.408
1989-03,0.716
1989-04,0.62
1989-05,0.366
1989-06,0.26
1989-07,0.21
1989-08,0.24
1989-09,0.383
1989-10,0.304
1989-11,0.102
1989-12,0.025
1990-01,0.062
1990-02,0.049
1990-03,0.077
1990-04,0.11
1990-05,-0.006
1990-06,-0.155
1990-07,-0.072
1990-08,0.186
1990-09,0.382
1990-10,0.458
1990-11,0.474
1990-12,0.522
1991-01,0.392
1991-02,0.1
1991-03,-0.15
1991-04,-0.235
1991-05,-0.238
1991-06,-0.27
1991-07,-0.413
1991-08,-0.539
1991-09,-0.559
1991-10,-0.579
1991-11,-0.626
1991-12,-0.662
1992-01,-0.657
1992-02,-0.655
1992-03,-0.683
1992-04,-0.76
1992-05,-0.86
1992-06,-0.916
1992-07,-0.939
1992-08,-0.899
1992-09,-0.804
1992-10,-0.681
1992-11,-0.734
1992-12,-0.881
1993-01,-0.957
1993-02,-0.956
1993-03,-0.974
1993-04,-0.994
1993-05,-0.983
1993-06,-1.021
1993-07,-1.092
1993-08,-1.09
1993-09,-1.05
1993-10,-0.966
1993-11,-0.938
1993-12,-1.005
1994-01,-1.013
1994-02,-0.92
1994-03,-0.791
1994-04,-0.72
1994-05,-0.72
1994-06,-0.715
1994-07,-0.77
1994-08,-0.806
1994-09,-0.694
1994-10,-0.6
1994-11,-0.502
1994-12,-0.403
1995-01,-0.504
1995-02,-0.621
1995-03,-0.637
1995-04,-0.67
1995-05,-0.708
1995-06,-0.668
1995-07,-0.676
1995-08,-0.708
1995-09,-0.693
1995-10,-0.71
1995-11,-0.748
1995-12,-0.74
1996-01,-0.789
1996-02,-0.817
1996-03,-0.716
1996-04,-0.682
1996-05,-0.714
1996-06,-0.698
1996-07,-0.709
1996-08,-0.742
1996-09,-0.728
1996-10,-0.762
1996-11,-0.767
1996-12,-0.702
1997-01,-0.706
1997-02,-0.733
1997-03,-0.688
1997-04,-0.635
1997-05,-0.625
1997-06,-0.638
1997-07,-0.655
1997-08,-0.646
1997-09,-0.611
1997-10,-0.509
1997-11,-0.47
1997-12,-0.511
1998-01,-0.598
1998-02,-0.639
1998-03,-0.626
1998-04,-0.603
1998-05,-0.569
1998-06,-0.555
1998-07,-0.509
1998-08,-0.309
1998-09,-0.059
1998-10,0.005
1998-11,-0.107
1998-12,-0.185
1999-01,-0.269
1999-02,-0.351
1999-03,-0.403
1999-04,-0.424
1999-05,-0.398
1999-06,-0.327
1999-07,-0.207
1999-08,-0.145
1999-09,-0.093
1999-10,-0.102
1999-11,-0.16
1999-12,-0.165
2000-01,-0.205
2000-02,-0.187
2000-03,-0.087
2000-04,-0.026
2000-05,0.033
2000-06,0.006
2000-07,-0.111
2000-08,-0.196
2000-09,-0.193
2000-10,-0.164
2000-11,-0.1
2000-12,-0.081
2001-01,-0.218
2001-02,-0.272
2001-03,-0.247
2001-04,-0.328
2001-05,-0.42
2001-06,-0.459
2001-07,-0.499
2001-08,-0.43
2001-09,-0.335
2001-10,-0.38
2001-11,-0.369
2001-12,-0.366
2002-01,-0.461
2002-02,-0.491
2002-03,-0.501
2002-04,-0.579
2002-05,-0.625
2002-06,-0.537
2002-07,-0.438
2002-08,-0.378
2002-09,-0.325
2002-10,-0.355
2002-11,-0.425
2002-12,-0.443
2003-01,-0.497
2003-02,-0.512
2003-03,-0.563
2003-04,-0.658
2003-05,-0.688
2003-06,-0.689
2003-07,-0.686
2003-08,-0.642
2003-09,-0.654
2003-10,-0.688
2003-11,-0.687
2003-12,-0.695
2004-01,-0.761
2004-02,-0.791
2004-03,-0.779
2004-04,-0.714
2004-05,-0.669
2004-06,-0.66
2004-07,-0.669
2004-08,-0.674
2004-09,-0.671
2004-10,-0.678
2004-11,-0.687
2004-12,-0.667
2005-01,-0.674
2005-02,-0.681
2005-03,-0.634
2005-04,-0.579
2005-05,-0.568
2005-06,-0.572
2005-07,-0.582
2005-08,-0.566
2005-09,-0.533
2005-10,-0.55
2005-11,-0.546
2005-12,-0.527
2006-01,-0.569
2006-02,-0.597
2006-03,-0.589
2006-04,-0.579
2006-05,-0.541
2006-06,-0.487
2006-07,-0.518
2006-08,-0.562
2006-09,-0.565
2006-10,-0.587
2006-11,-0.585
2006-12,-0.591
2007-01,-0.64
2007-02,-0.625
2007-03,-0.569
2007-04,-0.549
2007-05,-0.511
2007-06,-0.481
2007-07,-0.252
2007-08,0.244
2007-09,0.111
2007-10,0.028
2007-11,0.513
2007-12,0.556
2008-01,0.443
2008-02,0.813
2008-03,0.969
2008-04,0.674
2008-05,0.528
2008-06,0.735
2008-07,0.737
2008-08,0.856
2008-09,1.809
2008-10,2.824
2008-11,3.101
2008-12,2.736
2009-01,2.145
2009-02,2.135
2009-03,1.912
2009-04,1.368
2009-05,0.871
2009-06,0.719
2009-07,0.417
2009-08,0.231
2009-09,0.104
2009-10,0.025
2009-11,-0.029
2009-12,-0.151
2010-01,-0.203
2010-02,-0.249
2010-03,-0.428
2010-04,-0.375
2010-05,-0.096
2010-06,-0.097
2010-07,-0.27
2010-08,-0.293
2010-09,-0.357
2010-10,-0.461
2010-11,-0.48
2010-12,-0.554
2011-01,-0.624
2011-02,-0.601
2011-03,-0.576
2011-04,-0.627
2011-05,-0.592
2011-06,-0.551
2011-07,-0.43
2011-08,-0.185
2011-09,-0.094
2011-10,-0.159
2011-11,-0.134
2011-12,-0.207
2012-01,-0.373
2012-02,-0.455
2012-03,-0.483
2012-04,-0.429
2012-05,-0.314
2012-06,-0.324
2012-07,-0.414
2012-08,-0.503
2012-09,-0.566
2012-10,-0.584
2012-11,-0.586
2012-12,-0.627
2013-01,-0.669
2013-02,-0.677
2013-03,-0.693
2013-04,-0.734
2013-05,-0.716
2013-06,-0.657
2013-07,-0.687
2013-08,-0.688
2013-09,-0.7
2013-10,-0.75
2013-11,-0.79
2013-12,-0.798
2014-01,-0.782
2014-02,-0.795
2014-03,-0.793
2014-04,-0.785
2014-05,-0.804
2014-06,-0.797
2014-07,-0.754
2014-08,-0.736
2014-09,-0.685
2014-10,-0.655
2014-11,-0.66
2014-12,-0.582
2015-01,-0.514
2015-02,-0.533
2015-03,-0.546
2015-04,-0.553
2015-05,-0.554
2015-06,-0.547
2015-07,-0.506
2015-08,-0.424
2015-09,-0.411
2015-10,-0.472
2015-11,-0.447
2015-12,-0.363
2016-01,-0.305
2016-02,-0.326
2016-03,-0.38
2016-04,-0.393
2016-05,-0.381
2016-06,-0.357
2016-07,-0.367
2016-08,-0.36
2016-09,-0.346
2016-10,-0.387
2016-11,-0.436
2016-12,-0.473
2017-01,-0.492
2017-02,-0.493
2017-03,-0.486
2017-04,-0.513
2017-05,-0.55
2017-06,-0.571
2017-07,-0.579
2017-08,-0.562
2017-09,-0.572
2017-10,-0.598
2017-11,-0.605
2017-12,-0.616
2018-01,-0.606
2018-02,-0.545
2018-03,-0.498
2018-04,-0.54
2018-05,-0.567
2018-06,-0.543
2018-07,-0.566
2018-08,-0.601
2018-09,-0.596
2018-10,-0.556
2018-11,-0.466
2018-12,-0.433
2019-01,-0.513
2019-02,-0.586
2019-03,-0.61
2019-04,-0.618
2019-05,-0.583
2019-06,-0.579
2019-07,-0.581
2019-08,-0.53
2019-09,-0.514
2019-10,-0.554
2019-11,-0.574
2019-12,-0.559
2020-01,-0.626
2020-02,-0.294
2020-03,0.275
2020-04,0.161
2020-05,-0.271
2020-06,-0.387
2020-07,-0.478
2020-08,-0.511
2020-09,-0.495
2020-10,-0.51
2020-11,-0.572
2020-12,-0.609
2021-01,-0.623
2021-02,-0.631
2021-03,-0.652
2021-04,-0.686
2021-05,-0.698
2021-06,-0.691
2021-07,-0.66
2021-08,-0.652
2021-09,-0.658
2021-10,-0.625
2021-11,-0.554
2021-12,-0.559
2022-01,-0.543
2022-02,-0.437
2022-03,-0.37
2022-04,-0.332
2022-05,-0.253
2022-06,-0.163
2022-07,-0.213
2022-08,-0.219
2022-09,-0.097
2022-10,-0.117
2022-11,-0.176
2022-12,-0.218
2023-01,-0.304
2023-02,-0.267
2023-03,-0.147
2023-04,-0.187
2023-05,-0.212
2023-06,-0.228
2023-07,-0.28
2023-08,-0.333
2023-09,-0.311
2023-10,-0.283
2023-11,-0.32
2023-12,-0.367
2024-01,-0.397
2024-02,-0.427
2024-03,-0.433
2024-04,-0.414
2024-05,-0.41
2024-06,-0.381
2024-07,-0.361
2024-08,-0.391
2024-09,-0.428
2024-10,-0.446
2024-11,-0.477
2024-12,-0.486
2025-01,-0.509
2025-02,-0.481
2025-03,-0.409
2025-04,-0.39
2025-05,-0.467
2025-06,-0.497
2025-07,-0.519
2025-08,-0.528
2025-09,-0.527
2025-10,-0.515
2025-11,-0.511
2025-12,-0.54
2026-01,-0.567
2026-02,-0.509
2026-03,-0.46
2026-04,-0.497
2026-05,-0.508
2026-06,-0.516
2026-07,-0.546
2026-08,-0.549
