mes,BIL,IJR,IWM,SPY,VB,VFMF
2007-01,,25.78842544555664,61.19580078125,100.53400421142578,52.36960220336914,
2007-02,,25.62367057800293,60.794776916503906,98.56175994873047,52.33206558227539,
2007-03,,26.061904907226562,61.390708923339844,99.7039794921875,52.9277458190918,
2007-04,,26.668262481689453,62.38749694824219,104.12041473388672,54.33102035522461,
2007-05,70.37737274169922,27.834941864013672,65.11507415771484,107.65222930908203,56.75490951538086,
2007-06,70.68465423583984,27.386812210083008,64.17862701416016,106.07826232910156,55.97446823120117,
2007-07,70.96710205078125,26.000146865844727,59.688411712646484,102.75695037841797,52.49247741699219,
2007-08,71.26930236816406,26.485475540161133,60.95803451538086,104.07554626464844,53.295440673828125,
2007-09,71.40467071533203,26.91425323486328,62.11521911621094,108.10482788085938,54.53363800048828,
2007-10,71.68563842773438,27.37729263305664,63.884647369384766,109.57142639160156,55.89943313598633,
2007-11,71.96914672851562,25.428668975830078,59.48442077636719,105.32748413085938,52.184791564941406,
2007-12,72.13873291015625,25.160451889038086,59.100772857666016,104.1413803100586,51.795406341552734,
2008-01,72.4223403930664,23.802207946777344,55.23857879638672,97.84490203857422,48.485450744628906,
2008-02,72.54080963134766,23.237247467041016,53.61898422241211,95.31632995605469,47.328857421875,
2008-03,72.71007537841797,23.21873664855957,53.261924743652344,94.46398162841797,46.92887878417969,
2008-04,72.66255950927734,24.245424270629883,55.68754959106445,98.96632385253906,49.59312438964844,
2008-05,72.73236083984375,25.252742767333984,58.237945556640625,100.46233367919922,51.9909553527832,
2008-06,72.90231323242188,23.36966323852539,53.85468673706055,92.06616973876953,47.5987434387207,
2008-07,73.0390853881836,23.812437057495117,55.83280944824219,91.23887634277344,48.29144287109375,
2008-08,73.09639739990234,24.833913803100586,57.82910919189453,92.64885711669922,49.844322204589844,
2008-09,73.46795654296875,23.181060791015625,53.34648895263672,83.92378234863281,45.40644454956055,
2008-10,73.29708862304688,18.60016632080078,42.16724395751953,70.06067657470703,35.48020553588867,
2008-11,73.26033782958984,16.395410537719727,37.138545989990234,65.18401336669922,31.430545806884766,
2008-12,73.28264617919922,17.231138229370117,38.92333221435547,65.82254791259766,33.05448913574219,
2009-01,73.4266357421875,15.2168550491333,35.160640716552734,60.41758728027344,29.863447189331055,
2009-02,73.4234390258789,13.418107986450195,30.947364807128906,53.9257926940918,26.275466918945312,
2009-03,73.4186782836914,14.30960750579834,33.348148345947266,58.41837692260742,28.510786056518555,
2009-04,73.46348571777344,16.897056579589844,38.479244232177734,64.22201538085938,33.82979202270508,
2009-05,73.47148895263672,17.211627960205078,39.78778839111328,67.97603607177734,35.7377815246582,
2009-06,73.46190643310547,17.517597198486328,40.509490966796875,67.93150329589844,35.62875747680664,
2009-07,73.41541290283203,19.22479820251465,44.22463607788086,72.99958801269531,39.0319938659668,
2009-08,73.46668243408203,19.682165145874023,45.521854400634766,75.69615173339844,40.69856262207031,
2009-09,73.48593139648438,20.685203552246094,48.05405807495117,78.38013458251953,43.260719299316406,
2009-10,73.4891357421875,19.53120231628418,44.93502426147461,76.87322998046875,40.51164245605469,
2009-11,73.45868682861328,20.04102325439453,46.338993072509766,81.6091537475586,41.843353271484375,
2009-12,73.48110961914062,21.6920166015625,50.01124572753906,83.16797637939453,45.15241622924805,
2010-01,73.48110961914062,21.010173797607422,48.145023345947266,80.14544677734375,43.632896423339844,
2010-02,73.46510314941406,21.874357223510742,50.2995719909668,82.64556884765625,45.73501205444336,
2010-03,73.46510314941406,23.616539001464844,54.439579010009766,87.67697143554688,49.59991455078125,
2010-04,73.43305969238281,24.991025924682617,57.53092575073242,89.03335571289062,52.37163162231445,
2010-05,73.46510314941406,23.203397750854492,53.195003509521484,81.9592514038086,48.30852508544922,
2010-06,73.48110961914062,21.5566349029541,49.07592010498047,77.71862030029297,44.568267822265625,
2010-07,73.4490737915039,22.94623565673828,52.37917709350586,83.02682495117188,47.773075103759766,
2010-08,73.4490737915039,21.202274322509766,48.480140686035156,79.29224395751953,44.59975814819336,
2010-09,73.4490737915039,23.588985443115234,54.513641357421875,86.39324951171875,49.954227447509766,
2010-10,73.46510314941406,24.590991973876953,56.774959564208984,89.69364166259766,51.993656158447266,
2010-11,73.46510314941406,25.52912139892578,58.75358963012695,89.69364166259766,53.64727020263672,
2010-12,73.4490737915039,27.464279174804688,63.47349166870117,95.68985748291016,57.84728240966797,
2011-01,73.4490737915039,27.496356964111328,63.23819351196289,97.91942596435547,58.253501892089844,
2011-02,73.4490737915039,28.71574592590332,66.74287414550781,101.3208999633789,61.47120666503906,
2011-03,73.4490737915039,29.55978012084961,68.42684173583984,101.33307647705078,62.917781829833984,
2011-04,73.4490737915039,30.335342407226562,70.23162841796875,104.267822265625,64.7657241821289,
2011-05,73.46510314941406,30.07415199279785,68.97154998779297,103.09851837158203,63.49923324584961,
2011-06,73.46510314941406,29.52155303955078,67.31309509277344,101.35929870605469,62.16908645629883,
2011-07,73.46510314941406,28.587430953979492,65.02025604248047,99.33164978027344,59.91485595703125,
2011-08,73.46510314941406,26.360830307006836,59.239078521728516,93.87081909179688,54.912689208984375,
2011-09,73.4490737915039,23.64494514465332,52.63374710083008,87.35421752929688,48.88294982910156,
2011-10,73.41702270507812,27.17108154296875,60.582000732421875,96.88868713378906,56.354393005371094,
2011-11,73.43305969238281,27.340736389160156,60.352813720703125,96.49495697021484,56.107486724853516,
2011-12,73.42023468017578,27.685518264770508,60.66368865966797,97.50320434570312,56.24028778076172,
2012-01,73.40422058105469,29.509593963623047,64.99854278564453,102.02485656738281,60.147342681884766,
2012-02,73.42023468017578,30.150049209594727,66.66836547851562,106.45330047607422,62.11698913574219,
2012-03,73.40422058105469,31.023582458496094,68.32484436035156,109.87718963623047,63.5611686706543,
2012-04,73.42023468017578,30.600788116455078,67.21924591064453,109.1436996459961,62.91523742675781,
2012-05,73.42023468017578,28.685949325561523,62.79679870605469,102.58897399902344,58.68427658081055,
2012-06,73.38822174072266,29.901622772216797,65.9693832397461,106.75216674804688,61.39727020263672,
2012-07,73.38822174072266,29.669008255004883,64.96607208251953,108.01498413085938,60.78357696533203,
2012-08,73.38822174072266,30.823938369750977,67.26288604736328,110.72107696533203,62.947540283203125,
2012-09,73.38822174072266,31.533935546875,69.45626831054688,113.52792358398438,64.7077407836914,
2012-10,73.40422058105469,30.817914962768555,67.94963836669922,111.46198272705078,63.77918243408203,
2012-11,73.38822174072266,31.21887969970703,68.32421112060547,112.09276580810547,64.57856750488281,
2012-12,73.38822174072266,32.19956588745117,70.79676055908203,113.09430694580078,66.52093505859375,
2013-01,73.38822174072266,34.07134246826172,75.21316528320312,118.88353729248047,70.74737548828125,
2013-02,73.38822174072266,34.55371856689453,75.96882629394531,120.4004135131836,71.63541412353516,
2013-03,73.38822174072266,35.98807907104492,79.50825500488281,124.97217559814453,74.9632568359375,
2013-04,73.37217712402344,35.930206298828125,79.23040771484375,127.37315368652344,75.18529510498047,
2013-05,73.38822174072266,37.48447799682617,82.3457260131836,130.38040161132812,77.89105987548828,
2013-06,73.37217712402344,37.44413375854492,81.67216491699219,128.6405792236328,77.06864166259766,
2013-07,73.37217712402344,40.01060104370117,87.662109375,135.28829956054688,82.29922485351562,
2013-08,73.37217712402344,39.07772445678711,84.8882827758789,131.23062133789062,79.63459014892578,
2013-09,73.35615539550781,41.48174285888672,90.39680480957031,135.3836669921875,84.28948211669922,
2013-10,73.34014129638672,42.96559143066406,92.58445739746094,141.65286254882812,86.97053527832031,
2013-11,73.32414245605469,44.890045166015625,96.2474594116211,145.85108947753906,89.33090209960938,
2013-12,73.32414245605469,45.50706481933594,98.1927490234375,149.63247680664062,91.60319519042969,
2014-01,73.32414245605469,43.822383880615234,95.4689712524414,144.3582000732422,89.72032928466797,
2014-02,73.34014129638672,45.75311279296875,100.03132629394531,150.9287872314453,94.27757263183594,
2014-03,73.32414245605469,46.0582160949707,99.28258514404297,152.18081665039062,94.11009979248047,
2014-04,73.32414245605469,44.79947280883789,95.56185913085938,153.23870849609375,91.81048583984375,
2014-05,73.32414245605469,44.87058639526367,96.31281280517578,156.7947998046875,92.96862030029297,
2014-06,73.30809783935547,47.00806427001953,101.39045715332031,160.03182983398438,97.58455657958984,
2014-07,73.2921142578125,44.395347595214844,95.25198364257812,157.8813934326172,92.68533325195312,
2014-08,73.30809783935547,46.28253936767578,99.85222625732422,164.11195373535156,97.37625885009766,
2014-09,73.30809783935547,43.8702507019043,93.93309783935547,161.84780883789062,92.17706298828125,
2014-10,73.2921142578125,46.90290069580078,100.12655639648438,165.65945434570312,96.34308624267578,
2014-11,73.2921142578125,46.81455993652344,100.23823547363281,170.21043395996094,97.3595962524414,
2014-12,73.27606201171875,48.16823196411133,103.1380615234375,169.77874755859375,98.59626770019531,
2015-01,73.26002502441406,46.44099807739258,99.7581787109375,164.748291015625,96.4833755493164,
2015-02,73.26002502441406,49.232425689697266,105.69022369384766,174.00790405273438,102.07833099365234,
2015-03,73.26002502441406,50.02023696899414,107.56092071533203,171.27499389648438,103.62654876708984,
2015-04,73.2440414428711,48.867515563964844,104.80204772949219,172.95928955078125,101.51274871826172,
2015-05,73.22799682617188,49.57948684692383,107.14579772949219,175.18287658691406,103.55890655517578,
2015-06,73.22799682617188,50.103694915771484,107.98470306396484,171.6245574951172,102.70494079589844,
2015-07,73.22799682617188,49.687171936035156,106.7926025390625,175.50140380859375,102.40898132324219,
2015-08,73.22799682617188,47.10717010498047,100.05291748046875,164.8046112060547,96.43962097167969,
2015-09,73.19600677490234,45.44561004638672,95.11397552490234,160.59942626953125,92.06395721435547,
2015-10,73.17992401123047,48.20892333984375,100.46195983886719,174.260009765625,97.29187774658203,
2015-11,73.19600677490234,49.50956344604492,103.73699188232422,174.8968963623047,99.04019927978516,
2015-12,73.17992401123047,47.165000915527344,98.51856231689453,171.87428283691406,94.89305877685547,
2016-01,73.19600677490234,44.26081848144531,90.06812286376953,163.31724548339844,87.73149871826172,
2016-02,73.19600677490234,44.744842529296875,89.86689758300781,163.1823272705078,88.40904998779297,
2016-03,73.19600677490234,48.40145492553711,97.06837463378906,174.1589813232422,95.89139556884766,
2016-04,73.22799682617188,48.981910705566406,98.69160461425781,174.84535217285156,97.58577728271484,
2016-05,73.22799682617188,49.76877212524414,100.90267181396484,177.81979370117188,99.4263687133789,
2016-06,73.21199798583984,50.1198616027832,100.88509368896484,178.43783569335938,99.75885772705078,
2016-07,73.2440414428711,52.62133026123047,106.81199645996094,184.94570922851562,104.7519760131836,
2016-08,73.2440414428711,53.35883712768555,108.71763610839844,185.1671600341797,105.4591064453125,
2016-09,73.26002502441406,53.69609069824219,109.88509368896484,185.17788696289062,105.86544799804688,
2016-10,73.27606201171875,51.325923919677734,104.83361053466797,181.96743774414062,101.5677719116211,
2016-11,73.2440414428711,57.75303268432617,116.43165588378906,188.6708526611328,110.26712036132812,
2016-12,73.26005554199219,59.708412170410156,119.7900390625,192.49559020996094,112.38111114501953,
2017-01,73.29212188720703,59.36110305786133,120.12761688232422,195.94015502929688,114.09783935546875,
2017-02,73.32899475097656,60.316261291503906,122.44612884521484,203.63900756835938,116.74700927734375,
2017-03,73.316162109375,60.25456237792969,122.47798919677734,203.89353942871094,116.52300262451172,
2017-04,73.37069702148438,60.803436279296875,123.88558197021484,205.91741943359375,117.51961517333984,
2017-05,73.38195037841797,59.53144073486328,121.44461059570312,208.823486328125,116.21694946289062,
2017-06,73.45740509033203,61.262001037597656,125.54259490966797,210.15475463867188,118.72974395751953,
2017-07,73.48151397705078,61.87366485595703,126.61287689208984,214.47430419921875,120.14004516601562,
2017-08,73.56519317626953,60.35326385498047,125.02020263671875,215.10009765625,119.01879119873047,
2017-09,73.61827087402344,65.05705261230469,132.9016876220703,219.43421936035156,124.27123260498047,
2017-10,73.6697769165039,65.6180419921875,133.8702850341797,224.60494995117188,126.21459197998047,
2017-11,73.71003723144531,67.91459655761719,137.8076629638672,231.47023010253906,130.06625366210938,
2017-12,73.76490783691406,67.55758666992188,137.2584991455078,234.27748107910156,130.65309143066406,
2018-01,73.86176300048828,69.2551040649414,140.7696075439453,247.481201171875,134.17135620117188,
2018-02,73.92313385009766,66.61647033691406,135.35891723632812,238.48269653320312,128.85858154296875,66.10816192626953
2018-03,74.01936340332031,67.93817901611328,137.00692749023438,231.94573974609375,130.26763916015625,66.1946029663086
2018-04,74.0963134765625,68.65277099609375,138.35142517089844,233.1444091796875,130.75526428222656,66.3415298461914
2018-05,74.20729064941406,73.08140563964844,146.87879943847656,238.81201171875,137.42291259765625,68.70964050292969
2018-06,74.31764221191406,73.84436798095703,147.7811737060547,240.18536376953125,138.3575897216797,68.63237762451172
2018-07,74.42085266113281,76.23329162597656,150.21823120117188,249.08340454101562,140.8728485107422,70.34088134765625
2018-08,74.53887176513672,79.9051742553711,156.69357299804688,257.0340270996094,147.23655700683594,72.55986785888672
2018-09,74.64319610595703,77.44175720214844,153.05039978027344,258.5622863769531,145.07583618164062,71.6573486328125
2018-10,74.77051544189453,69.28392028808594,136.2334747314453,240.69454956054688,130.3968963623047,65.90969848632812
2018-11,74.9095458984375,70.39351654052734,138.58531188964844,245.15924072265625,133.25238037109375,66.12879180908203
2018-12,75.04643249511719,61.808555603027344,121.99362182617188,223.5733642578125,118.44526672363281,59.012184143066406
2019-01,75.177734375,68.37995147705078,135.8056182861328,241.47390747070312,132.3187713623047,64.17596435546875
2019-02,75.31669616699219,71.34912109375,142.83914184570312,249.301513671875,138.74404907226562,66.8033218383789
2019-03,75.44847106933594,69.0201644897461,139.84910583496094,253.81396484375,137.55360412597656,65.80564880371094
2019-04,75.59370422363281,71.68611145019531,144.59933471679688,264.18292236328125,142.48680114746094,67.65221405029297
2019-05,75.75414276123047,65.45952606201172,133.244384765625,247.3355712890625,132.26031494140625,62.450408935546875
2019-06,75.89166259765625,70.26296997070312,142.5513916015625,264.54681396484375,141.47735595703125,66.94163513183594
2019-07,76.02860260009766,71.09772491455078,143.5231170654297,268.5466613769531,143.1752166748047,67.81546783447266
2019-08,76.15746307373047,67.83949279785156,136.44598388671875,264.0502014160156,137.49473571777344,65.02462768554688
2019-09,76.28072357177734,70.11998748779297,139.2255096435547,269.18817138671875,139.37393188476562,66.89730834960938
2019-10,76.4032974243164,71.54329681396484,143.00645446777344,275.1385498046875,141.67437744140625,68.1010971069336
2019-11,76.4859848022461,73.69625854492188,148.82057189941406,285.09796142578125,147.62466430664062,70.406005859375
2019-12,76.57135009765625,75.9111099243164,152.967529296875,293.3817138671875,150.8233642578125,72.19867706298828
2020-01,76.66349029541016,72.86022186279297,148.22161865234375,293.26324462890625,147.7821502685547,69.62886047363281
2020-02,76.75404357910156,65.8982925415039,135.1103515625,270.0466613769531,135.17103576660156,62.17616271972656
2020-03,76.9109878540039,51.038490295410156,106.09259033203125,236.3256072998047,105.48780822753906,50.53514099121094
2020-04,76.89584350585938,57.62409210205078,120.78390502929688,266.3351135253906,120.83946228027344,56.84644317626953
2020-05,76.88243865966797,60.161922454833984,128.74594116210938,279.02471923828125,130.08697509765625,59.731163024902344
2020-06,76.88243865966797,62.33662796020508,133.161865234375,283.97308349609375,133.45736694335938,60.705074310302734
2020-07,76.8908462524414,65.00206756591797,137.0494384765625,300.6969299316406,139.59356689453125,63.430076599121094
2020-08,76.8908462524414,67.52146911621094,144.55474853515625,321.68450927734375,145.12525939941406,66.43363189697266
2020-09,76.87403106689453,64.37461853027344,139.84036254882812,309.6394958496094,141.37490844726562,64.16313934326172
2020-10,76.88243865966797,66.01536560058594,142.92112731933594,301.9190673828125,144.41751098632812,63.95221710205078
2020-11,76.87403106689453,78.04150390625,168.99591064453125,334.7608947753906,167.20480346679688,72.0438232421875
2020-12,76.87654876708984,84.47225952148438,183.60809326171875,347.1632080078125,179.76763916015625,75.8009262084961
2021-01,76.87654876708984,89.68396759033203,192.5047607421875,343.6254577636719,183.37814331054688,78.02760314941406
2021-02,76.8681640625,96.59618377685547,204.4449920654297,353.18011474609375,194.6897735595703,83.00474548339844
2021-03,76.85974884033203,100.0135726928711,207.29708862304688,369.21429443359375,198.2210693359375,88.0088119506836
2021-04,76.85974884033203,101.8658447265625,211.00315856933594,388.74957275390625,206.00802612304688,90.39110565185547
2021-05,76.85133361816406,103.99459075927734,211.5754852294922,391.30206298828125,206.09136962890625,92.93424224853516
2021-06,76.8345718383789,104.34304809570312,215.52978515625,400.0780944824219,209.10911560058594,92.06928253173828
2021-07,76.8261489868164,101.83099365234375,207.7118377685547,409.8449401855469,206.01815795898438,91.2515640258789
2021-08,76.8177261352539,103.77969360351562,212.28797912597656,422.0419006347656,210.06520080566406,93.90797424316406
2021-09,76.8261489868164,101.30023193359375,206.17330932617188,402.3724060058594,203.50213623046875,91.08080291748047
2021-10,76.8177261352539,104.89057922363281,214.93862915039062,430.6042785644531,213.57162475585938,96.39388275146484
2021-11,76.80097198486328,102.33930206298828,205.6266632080078,427.1444396972656,204.41416931152344,94.69386291503906
2021-12,76.80097198486328,106.92911529541016,210.2974853515625,446.8988952636719,211.3570556640625,98.58000946044922
2022-01,76.80097198486328,99.21591186523438,190.2461700439453,423.32891845703125,194.7110595703125,93.92179107666016
2022-02,76.7841567993164,100.57926177978516,192.2125701904297,410.83343505859375,196.39437866210938,94.59027862548828
2022-03,76.8194580078125,100.89664459228516,194.43748474121094,426.2769470214844,199.2589111328125,95.94044494628906
2022-04,76.81103515625,92.98426818847656,175.18980407714844,388.86297607421875,182.87901306152344,89.90397644042969
2022-05,76.83621978759766,94.72388458251953,175.53079223632812,389.74072265625,182.80401611328125,92.98126220703125
2022-06,76.8958969116211,86.68461608886719,160.84527587890625,357.6025695800781,165.6795654296875,83.18363189697266
2022-07,76.92364501953125,95.29583740234375,177.83583068847656,390.53326416015625,183.25320434570312,90.72637939453125
2022-08,77.07266235351562,91.17784118652344,174.27438354492188,374.5987854003906,178.47406005859375,89.11553192138672
2022-09,77.23207092285156,82.2090072631836,157.43870544433594,339.9686584472656,161.39117431640625,82.01185607910156
2022-10,77.3545150756836,92.3260269165039,175.01356506347656,367.59979248046875,177.37826538085938,93.5102310180664
2022-11,77.5982666015625,96.02206420898438,178.8702850341797,388.03515625,185.1687774658203,98.10302734375
2022-12,77.879638671875,89.60867309570312,167.21847534179688,365.6734619140625,174.34652709960938,92.96526336669922
2023-01,78.10103607177734,98.13020324707031,183.63722229003906,388.6696472167969,192.05284118652344,98.35124969482422
2023-02,78.37109375,96.9466552734375,180.47239685058594,378.8974304199219,187.6262969970703,96.84626770019531
2023-03,78.6838607788086,91.88289642333984,171.72430419921875,392.94610595703125,180.81021118164062,93.7056655883789
2023-04,78.9695053100586,89.31742095947266,168.64402770996094,399.2233581542969,178.6640625,92.7534408569336
2023-05,79.2657699584961,87.82561492919922,167.26754760742188,401.0663146972656,175.1443634033203,90.09158325195312
2023-06,79.63087463378906,95.02711486816406,180.76158142089844,427.05535888671875,190.45474243164062,98.82278442382812
2023-07,79.9382553100586,100.28150177001953,191.8040008544922,441.0342102050781,199.89657592773438,103.54947662353516
2023-08,80.3353271484375,96.10469055175781,182.05502319335938,433.8665771484375,192.50401306152344,101.78244018554688
2023-09,80.65593719482422,90.39188385009766,171.3982391357422,413.28631591796875,181.74346923828125,98.59329223632812
2023-10,81.00353240966797,85.17900085449219,159.5475616455078,404.314453125,171.15049743652344,94.31004333496094
2023-11,81.3827896118164,92.22212982177734,174.22998046875,441.24609375,186.895751953125,101.48638153076172
2023-12,81.730712890625,104.00286102294922,195.35740661621094,461.3913269042969,206.11912536621094,110.18705749511719
2024-01,82.07952117919922,99.91958618164062,187.73623657226562,468.7396545410156,200.56349182128906,110.914306640625
2024-02,82.44422912597656,103.1381607055664,198.29684448242188,493.2016906738281,212.13851928710938,116.06838989257812
2024-03,82.78236389160156,106.50460815429688,205.21142578125,509.3302917480469,221.5241241455078,122.1537094116211
2024-04,83.14013671875,100.59732818603516,191.15985107421875,488.7943420410156,207.18157958984375,115.59205627441406
2024-05,83.52034759521484,105.66622161865234,200.79104614257812,513.5173950195312,215.41885375976562,120.18789672851562
2024-06,83.85381317138672,103.15892028808594,198.53338623046875,531.6343994140625,212.12310791015625,118.38092803955078
2024-07,84.23185729980469,114.45552062988281,219.05311584472656,538.072021484375,227.0663299560547,126.94572448730469
2024-08,84.62078094482422,112.6759262084961,215.354248046875,550.6443481445312,227.0857696533203,126.19139099121094
2024-09,84.97804260253906,113.62107849121094,216.88442993164062,562.21044921875,231.46224975585938,126.61614227294922
2024-10,85.31353759765625,110.66786193847656,213.81118774414062,557.1934814453125,229.93026733398438,125.97040557861328
2024-11,85.62981414794922,122.91788482666016,237.4839630126953,590.4208984375,254.19769287109375,136.75843811035156
2024-12,85.97501373291016,112.97370147705078,217.59730529785156,576.2152709960938,235.334228515625,127.37364196777344
2025-01,86.27593231201172,116.13092041015625,223.03330993652344,591.6903076171875,244.50157165527344,132.9921875
2025-02,86.5552749633789,109.6105728149414,211.38331604003906,584.178955078125,232.69960021972656,130.22193908691406
2025-03,86.83834075927734,102.84435272216797,196.89491271972656,551.6289672851562,218.06289672851562,123.78426361083984
2025-04,87.13377380371094,98.47763061523438,192.32513427734375,546.8462524414062,212.5559844970703,121.10885620117188
2025-05,87.45024871826172,103.63116455078125,202.40232849121094,581.2128295898438,224.3958282470703,127.7552490234375
2025-06,87.7429428100586,107.88023376464844,213.57177734375,611.0791015625,233.81585693359375,132.42617797851562
2025-07,88.05581665039062,108.85746002197266,217.13475036621094,625.1531982421875,238.32484436035156,132.15248107910156
2025-08,88.38230895996094,116.51736450195312,232.75254821777344,637.98095703125,249.12864685058594,139.71417236328125
2025-09,88.6741714477539,117.7380599975586,240.1520233154297,660.7061157226562,251.679931640625,142.51385498046875
2025-10,88.98548126220703,116.717529296875,244.3900909423828,676.4556274414062,252.3826904296875,141.6011199951172
2025-11,89.24136352539062,119.75931549072266,246.89126586914062,677.7747192382812,256.1042175292969,146.87599182128906
2025-12,89.54049682617188,119.62873840332031,245.1399383544922,678.3152465820312,256.2181091308594,149.50741577148438
2026-01,89.80506896972656,126.44731903076172,258.57403564453125,688.3120727539062,268.07794189453125,156.39837646484375
2026-02,90.04486846923828,129.10507202148438,260.3267517089844,682.3637084960938,275.24945068359375,160.97120666503906
2026-03,90.30403900146484,123.93534851074219,247.41163635253906,648.6688842773438,261.1402282714844,154.4720916748047
2026-04,90.56494140625,136.6868133544922,277.310546875,716.8132934570312,283.5433349609375,167.80506896972656
2026-05,90.85238647460938,138.24209594726562,289.740966796875,754.5361328125,292.63616943359375,170.9856414794922
2026-06,91.09991455078125,148.30999755859375,300.45001220703125,746.77001953125,303.1199951171875,176.97000122070312
2026-07,91.4070053100586,145.4600067138672,291.20001220703125,747.030029296875,295.1400146484375,181.9600067138672
