mes,BAA10Y,NFCI,z_baa10y_fechado,z_nfci_fechado,mudanca_regime
1986-01,2.29,-0.256,,-0.6602887611471099,0
1986-02,2.49,-0.295,,-0.6051757946074875,0
1986-03,2.92,-0.331,,-0.6743922057267021,0
1986-04,2.78,-0.417,,-0.7351733854159279,0
1986-05,2.36,-0.472,,-0.9162716621671995,0
1986-06,2.81,-0.44,,-1.0186053580316992,0
1986-07,2.91,-0.489,,-0.912348282789658,0
1986-08,3.07,-0.585,,-0.9888179767503397,0
1986-09,2.75,-0.549,,-1.1598772488190692,0
1986-10,2.82,-0.539,,-1.029648658668732,0
1986-11,2.85,-0.548,,-0.9595473909013289,0
1986-12,2.76,-0.506,,-0.9304001662364777,0
1987-01,2.5,-0.482,,-0.7958769097371705,0
1987-02,2.43,-0.432,,-0.7134187330873004,0
1987-03,2.19,-0.173,,-0.5855460284826505,0
1987-04,2.16,0.306,,-0.008002324169978026,0
1987-05,2.08,0.62,,1.0557334557161635,1
1987-06,2.12,0.424,,1.832398612166714,0
1987-07,2.11,0.046,,1.6456836277910023,0
1987-08,1.92,0.034,,0.8532560808389277,0
1987-09,1.91,0.488,,0.9423570167612613,0
1987-10,2.45,1.103,,2.3891397445741696,0
1987-11,2.24,1.112,,3.5154005074441455,0
1987-12,2.39,0.836,,2.970275108925136,0
1988-01,2.51,0.363,,2.1110016112487036,0
1988-02,2.37,0.134,,1.0363330062325782,0
1988-03,2.19,0.133,,0.5209092131605237,0
1988-04,2.07,0.248,,0.4942051945013551,1
1988-05,1.93,0.256,,0.70113062679474,0
1988-06,2.16,0.303,,0.6777535523731366,0
1988-07,2.07,0.432,,0.7346246153827329,0
1988-08,1.97,0.399,,0.9557057104257266,0
1988-09,1.62,0.254,,0.846476776645948,0
1988-10,1.58,0.186,,0.5204645735418397,0
1988-11,1.55,0.157,,0.3541556679014523,0
1988-12,1.55,0.143,,0.2674232757218581,0
1989-01,1.56,0.188,-1.8258155570899697,0.21546808324414785,0
1989-02,1.35,0.408,-1.6782581634061569,0.28553061406303815,0
1989-03,1.31,0.716,-1.975904395096538,0.7098481670054649,0
1989-04,1.55,0.62,-1.9181335079171213,1.2819990696417753,1
1989-05,1.7,0.366,-1.3259054391643104,1.0235027687377931,0
1989-06,1.83,0.26,-0.9559286635974074,0.45321456139559935,1
1989-07,1.99,0.21,-0.6387377917322071,0.1898960193354136,0
1989-08,1.7,0.24,-0.2485871636283414,0.03941677681860988,0
1989-09,1.62,0.383,-0.8708226686867898,0.05808188879690991,0
1989-10,1.84,0.304,-1.014244301028934,0.35180561835286384,0
1989-11,1.99,0.102,-0.42736974370896413,0.10332336752935284,0
1989-12,1.91,0.025,0.02901066768260324,-0.509658258270695,0
1990-01,1.68,0.062,-0.1405189393080614,-0.822716983950999,0
1990-02,1.68,0.049,-0.7976311410038823,-0.818723809830038,0
1990-03,1.58,0.077,-0.7534831233879445,-0.981297690260868,0
1990-04,1.5,0.11,-1.0191051770939756,-0.9390412208895155,0
1990-05,1.71,-0.006,-1.2049707195240111,-0.79075441633134,0
1990-06,1.79,-0.155,-0.5025755980695178,-1.1460235945850017,0
1990-07,1.77,-0.072,-0.21901199598560597,-1.571601753233338,0
1990-08,1.69,0.186,-0.255382632082612,-1.2539309777205174,0
1990-09,1.94,0.382,-0.49398685619097427,-0.3803821777131493,0
1990-10,2.13,0.458,0.31584296299247183,0.31553389725401915,0
1990-11,2.27,0.474,1.0068486304509003,0.7329660483202727,1
1990-12,2.35,0.522,1.473916494942391,1.04103121512171,1
1991-01,2.3,0.392,1.76097956970633,1.445244929440486,0
1991-02,2.09,0.1,1.6790525144391681,0.7538240029345736,0
1991-03,1.96,-0.15,1.0020639856840488,-0.7724200192590699,1
1991-04,1.83,-0.235,0.5564605715345416,-1.9347416867057607,0
1991-05,1.77,-0.238,0.0888789769332667,-2.131784110895667,1
1991-06,1.66,-0.27,-0.12567440126640927,-1.9615244887970231,0
1991-07,1.6,-0.413,-0.5099498199699626,-1.9224357967241301,0
1991-08,1.75,-0.539,-0.7039962933025884,-2.258016777084357,0
1991-09,1.94,-0.559,-0.07867320438708736,-2.429960246041871,0
1991-10,2.02,-0.579,0.6535140223995015,-2.239946015527557,0
1991-11,2.06,-0.626,0.9245461630192583,-2.088833546008044,0
1991-12,2.39,-0.662,1.0268547419442815,-2.0313622167576044,1
1992-01,1.9,-0.657,2.1365610666998234,-1.9520433378338282,0
1992-02,1.9,-0.655,0.24113615208460973,-1.7879301445030416,1
1992-03,1.7,-0.683,0.19236655567702146,-1.6587653876630064,0
1992-04,1.63,-0.76,-0.7148104574774645,-1.6438729016681661,0
1992-05,1.77,-0.86,-1.0429227134682133,-1.7337111498937992,0
1992-06,1.86,-0.916,-0.43464797310053266,-1.8360257759156702,0
1992-07,1.97,-0.939,-0.038293703547284924,-1.8195421530759435,0
1992-08,2.06,-0.899,0.4539211997293885,-1.7342895706644608,0
1992-09,2.29,-0.804,0.8089870137613154,-1.5366247636944979,0
1992-10,2.19,-0.681,1.7057743838888726,-1.2562824765123661,1
1992-11,2.0,-0.734,1.2045039016710843,-0.9323413184621661,0
1992-12,2.06,-0.881,0.3962085324143291,-0.9935425440147344,1
1993-01,2.11,-0.957,0.6295297257177744,-1.2426674032418863,0
1993-02,2.2,-0.956,0.7939333536506621,-1.3241390725141158,0
1993-03,2.18,-0.974,1.1113684640556907,-1.2457726898413715,1
1993-04,2.12,-0.994,0.976116622910811,-1.2111958076754124,0
1993-05,2.1,-0.983,0.6777775824542505,-1.1837669126075172,0
1993-06,2.16,-1.021,0.5465193802202353,-1.0969962155141517,0
1993-07,2.05,-1.092,0.7788354948979946,-1.1114924767247472,0
1993-08,1.91,-1.09,0.2356274698937493,-1.185714970015987,1
1993-09,2.0,-1.05,-0.46633975599808064,-1.121996753296575,0
1993-10,1.96,-0.966,-0.0377948732032034,-0.9984501701290189,0
1993-11,1.91,-0.938,-0.21017798610676253,-0.7875172234866942,0
1993-12,1.94,-1.005,-0.41489803995829183,-0.6966726341785882,0
1994-01,1.85,-1.013,-0.21845269704028591,-0.8697891400795734,0
1994-02,1.77,-0.92,-0.6479963745079245,-0.915034136367928,0
1994-03,1.59,-0.791,-1.0251016805890676,-0.5766799772040055,0
1994-04,1.48,-0.72,-1.840406687173664,-0.01583597928770554,0
1994-05,1.51,-0.72,-2.192653424724222,0.36778650912951366,0
1994-06,1.52,-0.715,-1.9215262215248607,0.4758359003765522,0
1994-07,1.49,-0.77,-1.8082404395148388,0.6354314548921629,0
1994-08,1.55,-0.806,-1.883584804646706,0.4126228330539351,0
1994-09,1.5,-0.694,-1.555760296773913,0.24744339083665576,0
1994-10,1.4,-0.6,-1.6449548684288444,1.0441830343535972,1
1994-11,1.3,-0.502,-1.8786125926523511,1.6996992677833642,0
1994-12,1.3,-0.403,-2.0534517755723,2.2444409084883734,0
1995-01,1.33,-0.504,-1.9366710086119034,2.602235342315175,0
1995-02,1.53,-0.621,-1.696748868716209,1.8974754658270556,0
1995-03,1.49,-0.637,-0.9619692760466848,1.210120409324714,0
1995-04,1.51,-0.67,-1.062159335371961,1.1030268801905834,0
1995-05,1.66,-0.708,-0.9753867235233633,0.8927091471632174,0
1995-06,1.74,-0.668,-0.4669559477439431,0.6511124458148102,0
1995-07,1.72,-0.676,-0.19173832396591284,0.831214456099476,0
1995-08,1.73,-0.708,-0.23578450985204122,0.7449728581846616,0
1995-09,1.71,-0.693,-0.17420308972711934,0.5373458805223764,0
1995-10,1.7,-0.71,-0.19567255355057397,0.600307536269269,0
1995-11,1.81,-0.748,-0.18916617754250126,0.5122492886527915,0
1995-12,1.8,-0.74,0.2309794213813577,0.3041956483249476,1
1996-01,1.82,-0.789,0.22503092072417044,0.32721325859975964,0
1996-02,1.78,-0.817,0.33886391451981024,0.029776331298322026,0
1996-03,1.78,-0.716,0.24172446682763668,-0.15082396857070793,0
1996-04,1.61,-0.682,0.3017368283207424,0.38750299396062426,0
1996-05,1.48,-0.714,-0.3759472353081018,0.5429837719808469,0
1996-06,1.51,-0.698,-0.9099836638912603,0.31814914390647,0
1996-07,1.5,-0.709,-0.7387774775636686,0.37235201098210957,0
1996-08,1.48,-0.742,-0.7490025743869801,0.25471904313598914,0
1996-09,1.5,-0.728,-0.8061868725254606,-0.02969096278497812,0
1996-10,1.54,-0.762,-0.6605898658804279,0.007121404102991732,0
1996-11,1.65,-0.767,-0.39291506773361107,-0.3168034046705719,0
1996-12,1.54,-0.702,0.3125738575822419,-0.4147429175956437,0
1997-01,1.5,-0.706,-0.3199550192361365,0.07616082450234364,0
1997-02,1.49,-0.733,-0.5426045896130645,-0.048013258318624054,0
1997-03,1.4,-0.688,-0.5700834713236607,-0.4316202289105308,0
1997-04,1.5,-0.635,-1.1451804208972831,0.06600469215746829,0
1997-05,1.51,-0.625,-0.45825472179483184,0.6702494078209184,0
1997-06,1.5,-0.638,-0.38893888152334455,0.7531049549926335,0
1997-07,1.54,-0.655,-0.45370887302873314,0.5716287019237367,0
1997-08,1.44,-0.646,-0.18713948317042786,0.33725193762592687,0
1997-09,1.54,-0.611,-0.8514144103030084,0.403905748130847,0
1997-10,1.6,-0.509,-0.172223740956787,0.8002525208268515,0
1997-11,1.52,-0.47,0.20667564736695465,1.9286048973425696,1
1997-12,1.53,-0.511,-0.419580455079343,2.320583534370784,0
1998-01,1.68,-0.598,-0.41848410104879996,2.0771379078253998,0
1998-02,1.67,-0.639,0.7264755785707682,1.0741778475960506,0
1998-03,1.67,-0.626,0.6099021858695927,0.5368988835788385,0
1998-04,1.66,-0.603,0.5722329263951885,0.7049363893328942,0
1998-05,1.63,-0.569,0.4561771786971472,0.9734881440462608,0
1998-06,1.67,-0.555,0.2110518016049613,1.3370769384061425,0
1998-07,1.71,-0.509,0.5734635437645614,1.431536814342276,0
1998-08,2.06,-0.309,0.9206595132163293,1.846687776125023,0
1998-09,2.57,-0.059,3.251603028402218,3.3510529143327306,1
1998-10,2.65,0.005,4.435821455300887,4.046715754163958,0
1998-11,2.45,-0.107,3.658348593740898,3.4989606209309203,0
1998-12,2.58,-0.185,2.571159919622159,2.5176132565724103,0
1999-01,2.55,-0.269,2.6252931096099075,1.938524947398299,0
1999-02,2.24,-0.351,2.2819739961305316,1.435985890864567,0
1999-03,2.31,-0.403,1.354885023206013,0.9881139181925502,0
1999-04,2.22,-0.424,1.4558602304723212,0.6968761170983869,0
1999-05,2.18,-0.398,1.156935616033628,0.5618669907232788,0
1999-06,2.18,-0.327,0.9983474455740595,0.6478391095820023,0
1999-07,2.19,-0.207,0.9454377164523503,0.9391321564096052,0
1999-08,2.23,-0.145,0.918812580370015,1.4253882127160524,0
1999-09,2.3,-0.093,0.964156747415353,1.6070920023176989,0
1999-10,2.28,-0.102,1.076815253756998,1.7193916228073511,0
1999-11,1.99,-0.16,0.9718512307563706,1.5764547159959186,0
1999-12,1.73,-0.165,0.2319294392707385,1.2493280371513047,1
2000-01,1.68,-0.205,-0.4311114581472194,1.1608951437457118,0
2000-02,1.91,-0.187,-0.5748857234539165,0.9289275166952812,0
2000-03,2.3,-0.087,-0.02217971839202721,0.960200531375644,0
2000-04,2.34,-0.026,0.9309259442760575,1.347942202594237,0
2000-05,2.52,0.033,0.9801396757791053,1.5309495451981445,0
2000-06,2.4,0.006,1.3700921918874556,1.6813387105803979,1
2000-07,2.27,-0.111,1.0018253259109124,1.4708240050191763,0
2000-08,2.51,-0.196,0.6169308445919138,0.9007812840919691,0
2000-09,2.54,-0.193,1.203091956546265,0.47220639483131244,1
2000-10,2.56,-0.164,1.2206662774081862,0.4450024554502886,0
2000-11,2.64,-0.1,1.2101581873590328,0.5462769089677687,0
2000-12,2.88,-0.081,1.3663969671923013,0.8131639558285123,0
2001-01,2.62,-0.218,1.9195617279759492,0.8574644107451829,0
2001-02,2.88,-0.272,1.133485008875978,0.12762196179806518,0
2001-03,3.04,-0.247,1.7548397969989153,-0.22137770631544668,0
2001-04,2.73,-0.328,2.04454671300085,-0.15182512592304456,0
2001-05,2.65,-0.42,1.1466880778381114,-0.7387201272036489,0
2001-06,2.65,-0.459,0.883531869183115,-1.436941990611786,0
2001-07,2.78,-0.499,0.8460161320863142,-1.7920254140826422,0
2001-08,2.9,-0.43,1.208359690364841,-2.0877921191280913,0
2001-09,3.42,-0.335,1.4972980779436542,-1.5275453400572916,0
2001-10,3.38,-0.38,2.7270910956547496,-0.8188265545243752,0
2001-11,3.1,-0.369,2.3509715374403553,-1.080148730473423,0
2001-12,2.85,-0.366,1.523643743597058,-0.9475906086973301,0
2002-01,2.85,-0.461,0.8700890153958553,-0.8818645386067663,0
2002-02,2.98,-0.491,0.8407846397365487,-1.4669000143667086,0
2002-03,2.81,-0.501,1.096177939344538,-1.5947203177447027,0
2002-04,2.84,-0.579,0.6493188004571374,-1.6039178965500342,0
2002-05,2.98,-0.625,0.6816193506706937,-1.991631493796406,0
2002-06,3.13,-0.537,0.9655869872845292,-2.1095984558995258,0
2002-07,3.25,-0.438,1.2525315959161953,-1.5115472181952188,0
2002-08,3.32,-0.378,1.445067204791372,-0.9065295236553593,0
2002-09,3.76,-0.325,1.5068974793587537,-0.5368483873194309,0
2002-10,3.82,-0.355,2.2624545235185884,-0.20659484528896138,0
2002-11,3.38,-0.425,2.1626162373549542,-0.34279911196590385,0
2002-12,3.48,-0.443,1.2117792626891493,-0.7068001509889055,0
2003-01,3.16,-0.497,1.3788265714711991,-0.7670464315107557,0
2003-02,3.21,-0.512,0.6630805064774008,-1.0231574914108914,0
2003-03,3.04,-0.563,0.7498199295567846,-1.0491548350654138,0
2003-04,2.76,-0.658,0.27568580346433114,-1.2700195435686374,1
2003-05,2.85,-0.688,-0.5089726576854297,-1.7217702228323493,0
2003-06,2.81,-0.689,-0.29443339614360275,-1.8315334927654874,0
2003-07,2.58,-0.686,-0.4518068889932097,-1.7824418954988606,0
2003-08,2.46,-0.642,-1.184476526872981,-1.674071201227615,0
2003-09,2.57,-0.654,-1.5296026216193939,-1.327711830653026,0
2003-10,2.36,-0.688,-1.209042646225439,-1.3290113508625565,0
2003-11,2.33,-0.687,-1.7729476330448248,-1.4668014544274848,0
2003-12,2.34,-0.695,-1.7724716502068736,-1.4241287608700597,0
2004-01,2.19,-0.761,-1.6352870407203044,-1.4692084243903756,0
2004-02,2.21,-0.791,-1.917934490789677,-1.8367583942962988,0
2004-03,2.29,-0.779,-1.7365180606601018,-1.9161636447574237,0
2004-04,2.05,-0.714,-1.4440944680574284,-1.7435198723653156,0
2004-05,2.03,-0.669,-1.8718630388409059,-1.2207360835171197,0
2004-06,2.09,-0.66,-1.7940578825036821,-0.8521526299120379,0
2004-07,2.1,-0.669,-1.574725820373004,-0.7468332686629763,0
2004-08,2.19,-0.674,-1.4661066696753382,-0.772116188737347,0
2004-09,2.11,-0.671,-1.21709296297025,-0.7624524836110186,0
2004-10,2.09,-0.678,-1.2993413018519435,-0.6983650813777662,0
2004-11,1.95,-0.687,-1.2652937672408913,-0.7055118035283546,0
2004-12,1.86,-0.667,-1.4432854168487064,-0.7295327919435473,0
2005-01,1.75,-0.674,-1.51188083373614,-0.5326892422687631,0
2005-02,1.59,-0.681,-1.5986165404575656,-0.5494491050051294,0
2005-03,1.64,-0.634,-1.7425096330913021,-0.5684683975785213,0
2005-04,1.76,-0.579,-1.5463111623635792,-0.15130438126292287,0
2005-05,1.9,-0.568,-1.2698818514357917,0.3088840594445875,0
2005-06,1.87,-0.572,-0.9866821881319016,0.3868532918599959,0
2005-07,1.67,-0.582,-0.9791742132485466,0.3631033728385589,0
2005-08,1.77,-0.566,-1.2320625777435634,0.3229804478773029,0
2005-09,1.81,-0.533,-1.0167917051826982,0.5403820054273865,0
2005-10,1.83,-0.55,-0.9227499400668023,1.0051104581870953,1
2005-11,1.89,-0.546,-0.8737993507723203,0.9991442564959816,0
2005-12,1.82,-0.527,-0.7218542805492634,1.1717550834293768,0
2006-01,1.78,-0.569,-0.8500683607010873,1.5337033918713188,0
2006-02,1.65,-0.597,-0.911179863652368,1.0404901990470143,0
2006-03,1.69,-0.589,-1.222472802592253,0.713198096913801,0
2006-04,1.67,-0.579,-1.101771733391657,0.8502531527461766,0
2006-05,1.66,-0.541,-1.1182935403874465,0.9531020740353482,0
2006-06,1.67,-0.487,-1.131102319170783,1.4134186000844826,0
2006-07,1.68,-0.518,-1.0919378594043319,1.9906641728745986,0
2006-08,1.73,-0.562,-1.0237029126900967,1.4712806766461743,0
2006-09,1.72,-0.565,-0.7967009169414867,0.8547756456820476,0
2006-10,1.64,-0.587,-0.8145522030157825,0.777941318444191,0
2006-11,1.64,-0.585,-1.1160633305097745,0.4606907008396134,1
2006-12,1.64,-0.591,-1.075917649726295,0.45321256060600895,0
2007-01,1.57,-0.64,-1.0459527027801714,0.34116185790770476,0
2007-02,1.6,-0.625,-1.3298724135832223,-0.3732509138765951,0
2007-03,1.75,-0.569,-1.1339520283757236,-0.25152030755401117,0
2007-04,1.68,-0.549,-0.298283435446377,0.5854598312942975,0
2007-05,1.6,-0.511,-0.6591732616195225,0.8911016451630683,0
2007-06,1.59,-0.481,-1.075689769265465,1.4848493354106342,1
2007-07,1.85,-0.252,-1.090855830172784,1.8697306853622815,0
2007-08,2.05,0.244,0.6044691379150802,4.113224423998226,0
2007-09,2.0,0.111,2.090473317769127,5.074491933705329,1
2007-10,1.99,0.028,1.8481825375564673,3.366952719763836,0
2007-11,2.47,0.513,1.8828343574956712,2.563249549144303,0
2007-12,2.52,0.556,4.087735494672172,3.689169194606001,0
2008-01,2.96,0.443,3.4563717207101115,3.154689366753797,0
2008-02,3.22,0.813,3.947051691414844,2.4661377668451707,0
2008-03,3.45,0.969,3.6737567594116864,2.9656548228518567,0
2008-04,3.1,0.674,3.3984382017198866,2.8496633059864815,0
2008-05,3.0,0.528,2.3346742385169814,2.0038999990530395,0
2008-06,3.05,0.735,1.9511176513449724,1.5838195053247146,0
2008-07,3.22,0.737,1.8794115448903745,1.8388367963441459,0
2008-08,3.29,0.856,1.9933669769879798,1.7067028211519515,0
2008-09,4.0,1.809,1.932372946901891,1.777954400530383,0
2008-10,5.53,2.824,2.6629826113771955,2.919757913341264,0
2008-11,6.1,3.101,3.6793039836710997,3.499787755828669,0
2008-12,5.82,2.736,3.4083580806446805,3.151297186863695,0
2009-01,5.38,2.145,2.711192368342364,2.4419914250260746,0
2009-02,5.22,2.135,2.125924280123035,1.7326429783051338,0
2009-03,5.74,1.912,1.8435965539375576,1.6047757634175241,0
2009-04,5.08,1.368,2.0231386098302186,1.3205560250854278,0
2009-05,4.29,0.871,1.4684598984908477,0.7920672906991981,0
2009-06,3.64,0.719,0.8871889906556738,0.31874391145975506,1
2009-07,3.11,0.417,0.4179503180930607,0.15385413657968566,1
2009-08,2.98,0.231,0.03273714034057905,-0.14632819237615824,0
2009-09,2.86,0.104,-0.08112151123019436,-0.3430830447202364,0
2009-10,2.86,0.025,-0.18877925307475069,-0.486119198323278,0
2009-11,2.99,-0.029,-0.2159520347493811,-0.5856127455221166,0
2009-12,2.54,-0.151,-0.15253707114888435,-0.6617611568791489,0
2010-01,2.57,-0.203,-0.5053163986282577,-0.8027363578018245,0
2010-02,2.62,-0.249,-0.5130882754766373,-0.8778804194338679,0
2010-03,2.47,-0.428,-0.5065446742766717,-0.9458829296004049,0
2010-04,2.38,-0.375,-0.646081415545321,-1.1369954594647753,0
2010-05,2.89,-0.096,-0.7427486801901311,-1.0944324985706215,0
2010-06,3.08,-0.097,-0.3779241432462477,-0.8306134216457124,0
2010-07,2.91,-0.27,-0.265347037110364,-0.852860194244593,0
2010-08,3.01,-0.293,-0.4416205916623007,-1.0335673140797403,0
2010-09,3.05,-0.357,-0.38610147983637555,-1.02939716278909,0
2010-10,3.15,-0.461,-0.385013510128517,-1.0698247029291317,0
2010-11,3.03,-0.48,-0.33296072000505034,-1.1475453275761347,0
2010-12,2.68,-0.554,-0.46128864861825497,-1.1181662906522298,0
2011-01,2.68,-0.624,-0.790612910161186,-1.1388600166365668,0
2011-02,2.57,-0.601,-0.7796409121405924,-1.1553420677395987,0
2011-03,2.58,-0.576,-0.8558775217194657,-1.077696385225613,0
2011-04,2.58,-0.627,-0.8166628257523428,-1.0011354927436011,0
2011-05,2.65,-0.592,-0.7975034042627298,-1.0002738049758915,0
2011-06,2.72,-0.551,-0.7224317754098222,-0.9278595225425115,0
2011-07,2.77,-0.43,-0.64915136600664,-0.8502953398095444,0
2011-08,3.25,-0.185,-0.5910332395326542,-0.7086976878021884,0
2011-09,3.3,-0.094,-0.16624907145908654,-0.46491828249306133,0
2011-10,3.02,-0.159,-0.10531177179376307,-0.34522868035948223,0
2011-11,3.24,-0.134,-0.307394014678306,-0.3576295025841395,0
2011-12,3.27,-0.207,-0.030915014123833084,-0.2798459334475108,0
2012-01,3.24,-0.373,0.08303974358558826,-0.31349741681392324,0
2012-02,3.1,-0.455,0.13048952227304791,-0.4993547893016903,0
2012-03,3.07,-0.483,0.028464923667337827,-0.6162742627093502,0
2012-04,3.2,-0.429,0.12501686973291387,-0.6937165870279456,0
2012-05,3.4,-0.314,0.6707882406711286,-0.570387249240847,0
2012-06,3.39,-0.324,1.582857092886392,-0.17884894189450265,1
2012-07,3.27,-0.414,1.653253318855811,-0.1394179010241688,0
2012-08,3.21,-0.503,1.1951810259855902,-0.46919856542006005,0
2012-09,3.07,-0.566,0.9514566921195501,-0.8625390449818962,0
2012-10,2.73,-0.584,0.449020726449439,-1.1529074888419297,1
2012-11,2.95,-0.586,-0.7011146391573282,-1.2088081400279214,0
2012-12,2.85,-0.627,0.05308203151247031,-1.1744164903853853,0
2013-01,2.82,-0.669,-0.32584153626578455,-1.3369450404535936,0
2013-02,2.89,-0.677,-0.46557700398886137,-1.4845737788812017,0
2013-03,2.96,-0.693,-0.2466408081950562,-1.4354500708605076,0
2013-04,2.83,-0.734,-0.042634650952985104,-1.438299742483371,0
2013-05,2.79,-0.716,-0.6359537529559225,-1.5517195855725816,0
2013-06,2.83,-0.657,-0.7846089593619874,-1.3953135088494837,0
2013-07,2.68,-0.687,-0.5900065679145138,-1.0370867638541654,0
2013-08,2.56,-0.688,-1.1566349827361022,-1.140217082295703,0
2013-09,2.75,-0.7,-1.5338545961139465,-1.083790176387351,0
2013-10,2.65,-0.75,-0.7587226572897277,-1.0879775311997841,0
2013-11,2.61,-0.79,-1.0818330613348437,-1.2896917902220804,0
2013-12,2.33,-0.798,-1.168483401405396,-1.4169174922833054,0
2014-01,2.4,-0.782,-2.066982861639435,-1.383366942659487,0
2014-02,2.35,-0.795,-1.7274210546493878,-1.2536189829109736,0
2014-03,2.26,-0.793,-1.8196141147291374,-1.2633581195467336,0
2014-04,2.16,-0.785,-1.9960059632977736,-1.198493513443488,0
2014-05,2.22,-0.804,-2.147171693515882,-1.120427087895506,0
2014-06,2.18,-0.797,-1.8450962859460776,-1.1595273267231687,0
2014-07,2.17,-0.754,-1.8250160153510369,-1.0766081172834938,0
2014-08,2.23,-0.736,-1.7270558011188974,-0.8354770562456013,0
2014-09,2.29,-0.685,-1.4741928306832026,-0.711963559592694,0
2014-10,2.39,-0.655,-1.2493896932149249,-0.4283287498322127,0
2014-11,2.52,-0.66,-0.9408915986872521,-0.22142833899401665,0
2014-12,2.51,-0.582,-0.5688729052858965,-0.18895465784733753,0
2015-01,2.61,-0.514,-0.5532322917675486,0.4058197826264455,0
2015-02,2.46,-0.533,-0.24808817107485967,0.945412116448235,0
2015-03,2.55,-0.546,-0.6166716355403061,0.8380978477678429,0
2015-04,2.6,-0.553,-0.3330320115444614,0.7648920141054437,0
2015-05,2.72,-0.554,-0.15081562705113363,0.7627445969075819,0
2015-06,2.83,-0.547,0.27169517693134976,0.8918117002816974,0
2015-07,2.94,-0.506,0.7208835420449714,1.1313690827526302,1
2015-08,3.15,-0.424,1.1905043689091697,1.6359885855824812,1
2015-09,3.29,-0.411,1.9754124334886196,2.339751413675746,0
2015-10,3.19,-0.472,2.3532167051907735,2.2649131741999873,0
2015-11,3.2,-0.447,1.8631504565690828,1.627280060818644,0
2015-12,3.23,-0.363,1.8114198961871262,1.740460566425147,0
2016-01,3.48,-0.305,1.795309216663688,2.210628418433662,0
2016-02,3.55,-0.326,2.3093115947358895,2.364026925975868,0
2016-03,3.12,-0.38,2.2746634036232183,2.014920013424056,0
2016-04,2.86,-0.393,1.1266185560319615,1.5419410656351293,0
2016-05,2.84,-0.381,0.4519556783659687,1.3686202993547991,1
2016-06,2.92,-0.357,0.3962287705158279,1.3572017768336415,0
2016-07,2.71,-0.367,0.5942326341843759,1.4142197486976629,0
2016-08,2.61,-0.36,0.05213651754535543,1.2747744220273882,0
2016-09,2.69,-0.346,-0.20875399469404546,1.2406774867792376,0
2016-10,2.61,-0.387,0.0014303046903323517,1.24604633026962,0
2016-11,2.45,-0.436,-0.20158305617442612,0.9557006515969726,0
2016-12,2.28,-0.473,-0.5990652660151484,0.6299226863879771,0
2017-01,2.23,-0.492,-1.0272982267567479,0.36983103047208005,1
2017-02,2.19,-0.493,-1.129881278157626,0.21181807675497885,0
2017-03,2.24,-0.486,-1.2054523010196647,0.15938384055049012,0
2017-04,2.28,-0.513,-1.077745354835597,0.15709689039377056,0
2017-05,2.23,-0.55,-0.9961064399264795,-0.08787582251350079,0
2017-06,2.09,-0.571,-1.1234570551430871,-0.44452205018010044,0
2017-07,2.06,-0.579,-1.456752491451444,-0.7200499885728863,0
2017-08,2.14,-0.562,-1.5076265644582314,-0.8940107625130445,0
2017-09,2.0,-0.572,-1.2942173401903043,-0.8444560332432954,0
2017-10,1.91,-0.598,-1.577220654477847,-1.029003238455053,0
2017-11,1.88,-0.605,-1.6948304683601008,-1.3597150285191268,0
2017-12,1.77,-0.616,-1.654277915536096,-1.4981731137708525,0
2018-01,1.56,-0.606,-1.766620961883716,-1.5867361925714294,0
2018-02,1.68,-0.545,-2.015327642939287,-1.4091477165080497,0
2018-03,1.85,-0.498,-1.6644906531647168,-0.7461053090732124,0
2018-04,1.79,-0.54,-1.273761898376602,-0.25699833720487586,0
2018-05,1.89,-0.567,-1.309144243006291,-0.7181943762590218,0
2018-06,1.99,-0.543,-1.070855622482165,-1.0039079207150885,0
2018-07,1.83,-0.566,-0.8471985796037715,-0.7459694603705367,0
2018-08,1.92,-0.601,-1.0681648387366471,-0.9653812377291171,0
2018-09,1.84,-0.596,-0.8608820950910042,-1.262675847401825,0
2018-10,2.03,-0.556,-0.9543031806097928,-1.142850103326947,0
2018-11,2.27,-0.466,-0.5662593651816297,-0.6986198907007501,0
2018-12,2.45,-0.433,-0.07051869464055376,0.23492957832908673,0
2019-01,2.38,-0.513,0.33939473838067574,0.6077944085538829,0
2019-02,2.22,-0.586,0.28456044910806066,-0.18472516709886194,0
2019-03,2.26,-0.61,0.007968452002711556,-0.9600097788967413,0
2019-04,2.14,-0.618,0.1907220625793778,-1.1780137202602712,0
2019-05,2.37,-0.583,-0.09959172780998571,-1.2069888528286614,0
2019-06,2.31,-0.579,0.6694944287321472,-0.7477963293328033,0
2019-07,2.13,-0.581,0.5821678706539779,-0.6601244022657969,0
2019-08,2.26,-0.53,0.011325611615037798,-0.6482161832305975,0
2019-09,2.2,-0.514,0.5535469305437474,0.132985197152931,0
2019-10,2.18,-0.554,0.40316010297464144,0.5133339263083712,0
2019-11,2.08,-0.574,0.39561556503124345,-0.11666868020818169,0
2019-12,1.98,-0.559,-0.006470042812251567,-0.4690104085654585,0
2020-01,2.13,-0.626,-0.4378122256583878,-0.10407411716904574,0
2020-02,2.38,-0.294,0.28292913939987985,-1.4989488250855043,0
2020-03,3.93,0.275,1.4063984605624926,4.1415434384377745,1
2020-04,3.23,0.161,4.79531664882862,5.331577432681599,0
2020-05,3.08,-0.271,2.5792269062763586,3.540555789941181,0
2020-06,2.93,-0.387,2.0307299055574384,1.2035225751486867,0
2020-07,2.6,-0.478,1.582075722183986,0.5784451138789053,0
2020-08,2.67,-0.511,0.831117250156738,0.09753316497309115,1
2020-09,2.75,-0.495,0.9371562941478933,-0.07952073423561376,0
2020-10,2.61,-0.51,1.0481225731889072,-0.008170918812416435,0
2020-11,2.29,-0.572,0.7160433506805869,-0.09860328930021088,0
2020-12,2.18,-0.609,0.026839397038093418,-0.4256993527407279,1
2021-01,2.17,-0.623,-0.23185448186051297,-0.6193333456620755,0
2021-02,2.12,-0.631,-0.299846139101855,-0.6885329723981772,0
2021-03,2.03,-0.652,-0.44899751691869727,-0.7131155676872978,0
2021-04,1.96,-0.686,-0.6714702032450683,-0.7919616044207395,0
2021-05,1.99,-0.698,-0.8527049369157033,-0.93344607391946,0
2021-06,1.87,-0.691,-0.7943073859787266,-0.9638069227474829,0
2021-07,1.95,-0.66,-1.0587858681291962,-0.8980593490416905,0
2021-08,1.94,-0.652,-0.8883431187728774,-0.7275178332189138,0
2021-09,1.85,-0.658,-0.9141438286545689,-0.6787039983308613,0
2021-10,1.69,-0.625,-1.126155769549555,-0.6962504844587758,0
2021-11,1.81,-0.554,-1.4431761799670428,-0.5249469074001308,0
2021-12,1.85,-0.559,-1.1188826655680897,-0.1697743136697301,0
2022-01,1.93,-0.543,-0.9791635042072043,-0.17740236236628204,0
2022-02,2.34,-0.437,-0.7680363329172557,-0.0957630571340602,0
2022-03,1.93,-0.37,0.125060416532239,0.39775207040846133,0
2022-04,2.05,-0.332,-0.7490192485272177,0.687166743571799,0
2022-05,2.18,-0.253,-0.48116227044994564,0.8269110014737633,0
2022-06,2.31,-0.163,-0.18718220159901655,1.1415855824227759,1
2022-07,2.36,-0.213,0.09540254146014213,1.4659753116899692,0
2022-08,2.18,-0.219,0.19034497753584845,1.169959009392885,0
2022-09,2.24,-0.097,-0.19627860400368854,1.0859491981530227,0
2022-10,2.28,-0.117,-0.068263309500861,1.520216169222888,0
2022-11,2.15,-0.176,0.012693441459282747,1.3492578124599806,0
2022-12,1.99,-0.218,-0.27483723173255015,1.045278478052214,0
2023-01,1.9,-0.304,-0.6243815895498034,0.8285479332400953,0
2023-02,1.9,-0.267,-0.8002415368715171,0.4437358649247853,1
2023-03,2.11,-0.147,-0.7653720639981845,0.5920458772934724,0
2023-04,2.08,-0.187,-0.26144148361634567,1.2644361596039648,1
2023-05,2.16,-0.212,-0.29116473239987645,1.2377279370078227,0
2023-06,1.88,-0.228,0.040143903434682625,1.0944615167061653,0
2023-07,1.77,-0.28,-0.9448039647539629,0.9789154168940666,0
2023-08,1.83,-0.333,-1.3261673389305566,0.6908421577553886,0
2023-09,1.78,-0.311,-1.059380240131608,0.40672871329997834,1
2023-10,1.85,-0.283,-1.310192642738716,0.4889909414598747,0
2023-11,1.67,-0.32,-0.9661496223390874,0.5943136412024036,0
2023-12,1.61,-0.367,-1.8292288240141583,0.38196957519372676,0
2024-01,1.61,-0.397,-1.9720041690583712,0.1188953891954546,0
2024-02,1.55,-0.427,-1.8200037292226794,-0.06421625892973189,0
2024-03,1.5,-0.433,-1.9380933665461637,-0.2523724510172924,0
2024-04,1.44,-0.414,-1.9824887157474138,-0.3250373058504597,0
2024-05,1.46,-0.41,-2.0463219643756076,-0.2748286612931561,0
2024-06,1.55,-0.381,-1.8095009581999606,-0.3134828238169301,0
2024-07,1.68,-0.361,-1.3782188688126957,-0.20459718664775153,0
2024-08,1.69,-0.391,-0.84002842179266,-0.13897810717354694,0
2024-09,1.63,-0.428,-0.7689044603270601,-0.41455031159217126,0
2024-10,1.46,-0.446,-0.9598068958518602,-0.78264708288156,0
2024-11,1.44,-0.477,-1.5277079505192461,-1.0284273288112493,0
2024-12,1.42,-0.486,-1.5111162667312779,-1.3423656045744963,0
2025-01,1.45,-0.509,-1.488539655976674,-1.4828950902673566,0
2025-02,1.57,-0.481,-1.3084247770966297,-1.72081092377147,0
2025-03,1.76,-0.409,-0.8659185582569552,-1.4392149082644343,0
2025-04,1.96,-0.39,-0.2020631747084834,-0.790162332527931,0
2025-05,1.84,-0.467,0.4922750362985763,-0.6064117166817502,0
2025-06,1.75,-0.497,0.11521973335554489,-1.2053327187382776,0
2025-07,1.67,-0.519,-0.15363607449464,-1.3839009998830523,0
2025-08,1.8,-0.528,-0.404007418395559,-1.475117710767831,0
2025-09,1.67,-0.527,0.15597273140723714,-1.4558792560549172,0
2025-10,1.69,-0.515,-0.33065406754391374,-1.4051204421315064,0
2025-11,1.78,-0.511,-0.1879759763461346,-1.2653980925269135,0
2025-12,1.72,-0.54,0.3044141742630965,-1.179387318679476,0
2026-01,1.62,-0.567,0.04164213742701346,-1.378878167293871,0
2026-02,1.8,-0.509,-0.4400020339211892,-1.5265853924343236,0
2026-03,1.79,-0.46,0.5215443004705035,-0.9396008025540401,0
2026-04,1.7,-0.497,0.5526750634279338,-0.44180560862685714,0
2026-05,1.57,-0.508,0.1104589762741712,-0.7913279781058883,0
2026-06,1.53,-0.516,-0.6711462450707304,-0.8879432652146627,0
2026-07,1.63,-0.546,-0.9037801500346878,-0.9649886516677708,0
2026-08,1.67,-0.549,-0.15913427774835498,-1.3131270394353012,0
