timestamp,equity,daily_return,position,stop_price,drawdown
2021-08-18,100000.0,0.0,0,,0.0
2021-08-19,100000.0,0.0,0,,0.0
2021-08-20,100000.0,0.0,0,,0.0
2021-08-23,100000.0,0.0,0,,0.0
2021-08-24,100000.0,0.0,0,,0.0
2021-08-25,100000.0,0.0,0,,0.0
2021-08-26,100000.0,0.0,0,,0.0
2021-08-27,100000.0,0.0,0,,0.0
2021-08-30,100000.0,0.0,0,,0.0
2021-08-31,100000.0,0.0,0,,0.0
2021-09-01,100000.0,0.0,0,,0.0
2021-09-02,100000.0,0.0,0,,0.0
2021-09-03,100000.0,0.0,0,,0.0
2021-09-06,100000.0,0.0,0,,0.0
2021-09-08,100000.0,0.0,0,,0.0
2021-09-09,100000.0,0.0,0,,0.0
2021-09-10,100000.0,0.0,0,,0.0
2021-09-13,100000.0,0.0,0,,0.0
2021-09-14,100000.0,0.0,0,,0.0
2021-09-15,100000.0,0.0,0,,0.0
2021-09-16,100000.0,0.0,0,,0.0
2021-09-17,100000.0,0.0,0,,0.0
2021-09-20,100000.0,0.0,0,,0.0
2021-09-21,100000.0,0.0,0,,0.0
2021-09-22,100000.0,0.0,0,,0.0
2021-09-23,100000.0,0.0,0,,0.0
2021-09-24,100000.0,0.0,0,,0.0
2021-09-27,100000.0,0.0,0,,0.0
2021-09-28,100000.0,0.0,0,,0.0
2021-09-29,100000.0,0.0,0,,0.0
2021-09-30,100000.0,0.0,0,,0.0
2021-10-01,100000.0,0.0,0,,0.0
2021-10-04,100000.0,0.0,0,,0.0
2021-10-05,100000.0,0.0,0,,0.0
2021-10-06,100000.0,0.0,0,,0.0
2021-10-07,100000.0,0.0,0,,0.0
2021-10-08,100000.0,0.0,0,,0.0
2021-10-11,100000.0,0.0,0,,0.0
2021-10-13,100000.0,0.0,0,,0.0
2021-10-14,100000.0,0.0,0,,0.0
2021-10-15,100000.0,0.0,0,,0.0
2021-10-18,100000.0,0.0,0,,0.0
2021-10-19,100000.0,0.0,0,,0.0
2021-10-20,100000.0,0.0,0,,0.0
2021-10-21,100000.0,0.0,0,,0.0
2021-10-22,100000.0,0.0,0,,0.0
2021-10-25,100000.0,0.0,0,,0.0
2021-10-26,100000.0,0.0,0,,0.0
2021-10-27,100000.0,0.0,0,,0.0
2021-10-28,99850.22466300547,-0.0014977533699452872,1,44.25500052315848,-0.0014977533699452872
2021-10-29,103071.19706157081,0.032258038571631786,1,45.52964210510254,0.0
2021-11-01,104565.8959365229,0.01450161555860463,1,46.06999819619315,0.0
2021-11-03,102102.80128603127,-0.023555430080060225,1,46.06999819619315,-0.023555430080060225
2021-11-04,104397.48312069984,0.022474229950265823,1,46.06999819619315,-0.0016105902819911755
2021-11-05,100229.16353704233,-0.03992739536486978,1,46.06999819619315,-0.04147367897190102
2021-11-08,104734.31678309393,0.044948526826591895,1,46.06999819619315,0.0
2021-11-09,96841.6506653014,-0.0753589306753999,0,,-0.0753589306753999
2021-11-10,96841.6506653014,0.0,0,,-0.0753589306753999
2021-11-11,96841.6506653014,0.0,0,,-0.0753589306753999
2021-11-12,96841.6506653014,0.0,0,,-0.0753589306753999
2021-11-16,96841.6506653014,0.0,0,,-0.0753589306753999
2021-11-17,96841.6506653014,0.0,0,,-0.0753589306753999
2021-11-18,96841.6506653014,0.0,0,,-0.0753589306753999
2021-11-19,96841.6506653014,0.0,0,,-0.0753589306753999
2021-11-22,96841.6506653014,0.0,0,,-0.0753589306753999
2021-11-23,96841.6506653014,0.0,0,,-0.0753589306753999
2021-11-24,96841.6506653014,0.0,0,,-0.0753589306753999
2021-11-25,96841.6506653014,0.0,0,,-0.0753589306753999
2021-11-26,96841.6506653014,0.0,0,,-0.0753589306753999
2021-11-29,96841.6506653014,0.0,0,,-0.0753589306753999
2021-11-30,96841.6506653014,0.0,0,,-0.0753589306753999
2021-12-01,96841.6506653014,0.0,0,,-0.0753589306753999
2021-12-02,96841.6506653014,0.0,0,,-0.0753589306753999
2021-12-03,96841.6506653014,0.0,0,,-0.0753589306753999
2021-12-06,96841.6506653014,0.0,0,,-0.0753589306753999
2021-12-07,96841.6506653014,0.0,0,,-0.0753589306753999
2021-12-08,96841.6506653014,0.0,0,,-0.0753589306753999
2021-12-09,96841.6506653014,0.0,0,,-0.0753589306753999
2021-12-10,96841.6506653014,0.0,0,,-0.0753589306753999
2021-12-13,96841.6506653014,0.0,0,,-0.0753589306753999
2021-12-14,96841.6506653014,0.0,0,,-0.0753589306753999
2021-12-15,96841.6506653014,0.0,0,,-0.0753589306753999
2021-12-16,96841.6506653014,0.0,0,,-0.0753589306753999
2021-12-17,96841.6506653014,0.0,0,,-0.0753589306753999
2021-12-20,96841.6506653014,0.0,0,,-0.0753589306753999
2021-12-21,96841.6506653014,0.0,0,,-0.0753589306753999
2021-12-22,96841.6506653014,0.0,0,,-0.0753589306753999
2021-12-23,96841.6506653014,0.0,0,,-0.0753589306753999
2021-12-27,96841.6506653014,0.0,0,,-0.0753589306753999
2021-12-28,96841.6506653014,0.0,0,,-0.0753589306753999
2021-12-29,96841.6506653014,0.0,0,,-0.0753589306753999
2021-12-30,96841.6506653014,0.0,0,,-0.0753589306753999
2022-01-03,96841.6506653014,0.0,0,,-0.0753589306753999
2022-01-04,96841.6506653014,0.0,0,,-0.0753589306753999
2022-01-05,96841.6506653014,0.0,0,,-0.0753589306753999
2022-01-06,96841.6506653014,0.0,0,,-0.0753589306753999
2022-01-07,96841.6506653014,0.0,0,,-0.0753589306753999
2022-01-10,96841.6506653014,0.0,0,,-0.0753589306753999
2022-01-11,96841.6506653014,0.0,0,,-0.0753589306753999
2022-01-12,96841.6506653014,0.0,0,,-0.0753589306753999
2022-01-13,96841.6506653014,0.0,0,,-0.0753589306753999
2022-01-14,96841.6506653014,0.0,0,,-0.0753589306753999
2022-01-17,96841.6506653014,0.0,0,,-0.0753589306753999
2022-01-18,96841.6506653014,0.0,0,,-0.0753589306753999
2022-01-19,96841.6506653014,0.0,0,,-0.0753589306753999
2022-01-20,96841.6506653014,0.0,0,,-0.0753589306753999
2022-01-21,96841.6506653014,0.0,0,,-0.0753589306753999
2022-01-24,96841.6506653014,0.0,0,,-0.0753589306753999
2022-01-25,96841.6506653014,0.0,0,,-0.0753589306753999
2022-01-26,96841.6506653014,0.0,0,,-0.0753589306753999
2022-01-27,96841.6506653014,0.0,0,,-0.0753589306753999
2022-01-28,96841.6506653014,0.0,0,,-0.0753589306753999
2022-01-31,96841.6506653014,0.0,0,,-0.0753589306753999
2022-02-01,96841.6506653014,0.0,0,,-0.0753589306753999
2022-02-02,96841.6506653014,0.0,0,,-0.0753589306753999
2022-02-03,96841.6506653014,0.0,0,,-0.0753589306753999
2022-02-04,96841.6506653014,0.0,0,,-0.0753589306753999
2022-02-07,96841.6506653014,0.0,0,,-0.0753589306753999
2022-02-08,96841.6506653014,0.0,0,,-0.0753589306753999
2022-02-09,96841.6506653014,0.0,0,,-0.0753589306753999
2022-02-10,96841.6506653014,0.0,0,,-0.0753589306753999
2022-02-11,96841.6506653014,0.0,0,,-0.0753589306753999
2022-02-14,96841.6506653014,0.0,0,,-0.0753589306753999
2022-02-15,96841.6506653014,0.0,0,,-0.0753589306753999
2022-02-16,96841.6506653014,0.0,0,,-0.0753589306753999
2022-02-17,96841.6506653014,0.0,0,,-0.0753589306753999
2022-02-18,96841.6506653014,0.0,0,,-0.0753589306753999
2022-02-21,96841.6506653014,0.0,0,,-0.0753589306753999
2022-02-22,96841.6506653014,0.0,0,,-0.0753589306753999
2022-02-23,96841.6506653014,0.0,0,,-0.0753589306753999
2022-02-24,96841.6506653014,0.0,0,,-0.0753589306753999
2022-02-25,96841.6506653014,0.0,0,,-0.0753589306753999
2022-03-02,96841.6506653014,0.0,0,,-0.0753589306753999
2022-03-03,96841.6506653014,0.0,0,,-0.0753589306753999
2022-03-04,96841.6506653014,0.0,0,,-0.0753589306753999
2022-03-07,96841.6506653014,0.0,0,,-0.0753589306753999
2022-03-08,96841.6506653014,0.0,0,,-0.0753589306753999
2022-03-09,96841.6506653014,0.0,0,,-0.0753589306753999
2022-03-10,96841.6506653014,0.0,0,,-0.0753589306753999
2022-03-11,96841.6506653014,0.0,0,,-0.0753589306753999
2022-03-14,96841.6506653014,0.0,0,,-0.0753589306753999
2022-03-15,96841.6506653014,0.0,0,,-0.0753589306753999
2022-03-16,96841.6506653014,0.0,0,,-0.0753589306753999
2022-03-17,96841.6506653014,0.0,0,,-0.0753589306753999
2022-03-18,96841.6506653014,0.0,0,,-0.0753589306753999
2022-03-21,96841.6506653014,0.0,0,,-0.0753589306753999
2022-03-22,100731.4231276986,0.040166317237206206,1,19.119999749319895,-0.038219504154358375
2022-03-23,100731.4231276986,0.0,1,19.384285722460067,-0.038219504154358375
2022-03-24,98969.0908320518,-0.017495357862785887,1,19.384285722460067,-0.05504619811462541
2022-03-25,95398.03906540536,-0.03608249541977138,1,19.384285722460067,-0.08914248934305002
2022-03-28,95398.03906540536,0.0,1,19.384285722460067,-0.08914248934305002
2022-03-29,104441.6098831179,0.09479828837479798,1,20.418215002332413,-0.0027947563794418206
2022-03-30,102632.89041211826,-0.017317996850333972,1,20.418215002332413,-0.020064353647599176
2022-03-31,101473.45870963008,-0.011296882488961657,1,20.418215002332413,-0.031134571491186924
2022-04-01,101473.45870963008,0.0,1,20.418215002332413,-0.031134571491186924
2022-04-04,103885.07877378835,0.023766018176824,1,20.558928285326278,-0.00810849810635006
2022-04-05,103885.07877378835,0.0,1,20.955356734139578,-0.00810849810635006
2022-04-06,94097.2494518728,-0.09421785532096216,0,,-0.10156238812585783
2022-04-07,94097.2494518728,0.0,0,,-0.10156238812585783
2022-04-08,94097.2494518728,0.0,0,,-0.10156238812585783
2022-04-11,94097.2494518728,0.0,0,,-0.10156238812585783
2022-04-12,94097.2494518728,0.0,0,,-0.10156238812585783
2022-04-13,94097.2494518728,0.0,0,,-0.10156238812585783
2022-04-14,94097.2494518728,0.0,0,,-0.10156238812585783
2022-04-18,94097.2494518728,0.0,0,,-0.10156238812585783
2022-04-19,94097.2494518728,0.0,0,,-0.10156238812585783
2022-04-20,94097.2494518728,0.0,0,,-0.10156238812585783
2022-04-22,94097.2494518728,0.0,0,,-0.10156238812585783
2022-04-25,94097.2494518728,0.0,0,,-0.10156238812585783
2022-04-26,94097.2494518728,0.0,0,,-0.10156238812585783
2022-04-27,94097.2494518728,0.0,0,,-0.10156238812585783
2022-04-28,94097.2494518728,0.0,0,,-0.10156238812585783
2022-04-29,94097.2494518728,0.0,0,,-0.10156238812585783
2022-05-02,94097.2494518728,0.0,0,,-0.10156238812585783
2022-05-03,94097.2494518728,0.0,0,,-0.10156238812585783
2022-05-04,94097.2494518728,0.0,0,,-0.10156238812585783
2022-05-05,94097.2494518728,0.0,0,,-0.10156238812585783
2022-05-06,94097.2494518728,0.0,0,,-0.10156238812585783
2022-05-09,94097.2494518728,0.0,0,,-0.10156238812585783
2022-05-10,94097.2494518728,0.0,0,,-0.10156238812585783
2022-05-11,94097.2494518728,0.0,0,,-0.10156238812585783
2022-05-12,94097.2494518728,0.0,0,,-0.10156238812585783
2022-05-13,94097.2494518728,0.0,0,,-0.10156238812585783
2022-05-16,94097.2494518728,0.0,0,,-0.10156238812585783
2022-05-17,94097.2494518728,0.0,0,,-0.10156238812585783
2022-05-18,94097.2494518728,0.0,0,,-0.10156238812585783
2022-05-19,94097.2494518728,0.0,0,,-0.10156238812585783
2022-05-20,94097.2494518728,0.0,0,,-0.10156238812585783
2022-05-23,94097.2494518728,0.0,0,,-0.10156238812585783
2022-05-24,94097.2494518728,0.0,0,,-0.10156238812585783
2022-05-25,94097.2494518728,0.0,0,,-0.10156238812585783
2022-05-26,94097.2494518728,0.0,0,,-0.10156238812585783
2022-05-27,94097.2494518728,0.0,0,,-0.10156238812585783
2022-05-30,94097.2494518728,0.0,0,,-0.10156238812585783
2022-05-31,94097.2494518728,0.0,0,,-0.10156238812585783
2022-06-01,94097.2494518728,0.0,0,,-0.10156238812585783
2022-06-02,94097.2494518728,0.0,0,,-0.10156238812585783
2022-06-03,94097.2494518728,0.0,0,,-0.10156238812585783
2022-06-06,94097.2494518728,0.0,0,,-0.10156238812585783
2022-06-07,93956.3149794037,-0.0014977533699450651,1,13.344999994550433,-0.10290802608672767
2022-06-08,95097.48675522978,0.012145769830119946,1,13.592857463019234,-0.09201215345512925
2022-06-09,90659.6052492128,-0.04666665395100922,1,13.592857463019234,-0.13438490808156078
2022-06-10,86792.30358497347,-0.042657384770301565,1,13.592857463019234,-0.17130978412050557
2022-06-13,84129.98846375324,-0.030674553056581955,0,,-0.19672948611497143
2022-06-14,84129.98846375324,0.0,0,,-0.19672948611497143
2022-06-15,84129.98846375324,0.0,0,,-0.19672948611497143
2022-06-17,88723.30721415559,0.05459787686029882,1,12.848214966910225,-0.1528726215123678
2022-06-20,88156.98728711004,-0.006382989372551218,1,12.848214966910225,-0.15827982656645145
2022-06-21,96903.4652685817,0.09921480135188943,1,14.06071424484253,-0.07476872676536406
2022-06-22,99735.0649038095,0.029220829486124478,1,14.430357728685651,-0.04773270149494502
2022-06-23,103132.97246421945,0.03406933723547567,1,15.061428036008563,-0.015289585763860858
2022-06-24,111313.14252050896,0.07931672927518418,1,16.24000038419451,0.0
2022-06-27,105775.79478981091,-0.0497456778715758,1,16.24000038419451,-0.0497456778715758
2022-06-28,103070.04669434066,-0.025580030864782333,1,16.24000038419451,-0.07405321276101373
2022-06-29,101093.3795042469,-0.019177901373768402,0,,-0.09181092892404075
2022-06-30,101093.3795042469,0.0,0,,-0.09181092892404075
2022-07-01,101093.3795042469,0.0,0,,-0.09181092892404075
2022-07-04,101093.3795042469,0.0,0,,-0.09181092892404075
2022-07-05,101093.3795042469,0.0,0,,-0.09181092892404075
2022-07-06,101093.3795042469,0.0,0,,-0.09181092892404075
2022-07-07,101093.3795042469,0.0,0,,-0.09181092892404075
2022-07-08,101093.3795042469,0.0,0,,-0.09181092892404075
2022-07-11,101093.3795042469,0.0,0,,-0.09181092892404075
2022-07-12,101093.3795042469,0.0,0,,-0.09181092892404075
2022-07-13,101093.3795042469,0.0,0,,-0.09181092892404075
2022-07-14,101093.3795042469,0.0,0,,-0.09181092892404075
2022-07-15,101093.3795042469,0.0,0,,-0.09181092892404075
2022-07-18,101093.3795042469,0.0,0,,-0.09181092892404075
2022-07-19,101093.3795042469,0.0,0,,-0.09181092892404075
2022-07-20,101093.3795042469,0.0,0,,-0.09181092892404075
2022-07-21,101093.3795042469,0.0,0,,-0.09181092892404075
2022-07-22,101093.3795042469,0.0,0,,-0.09181092892404075
2022-07-25,101093.3795042469,0.0,0,,-0.09181092892404075
2022-07-26,101093.3795042469,0.0,0,,-0.09181092892404075
2022-07-27,101093.3795042469,0.0,0,,-0.09181092892404075
2022-07-28,101093.3795042469,0.0,0,,-0.09181092892404075
2022-07-29,101093.3795042469,0.0,0,,-0.09181092892404075
2022-08-01,101093.3795042469,0.0,0,,-0.09181092892404075
2022-08-02,101093.3795042469,0.0,0,,-0.09181092892404075
2022-08-03,101093.3795042469,0.0,0,,-0.09181092892404075
2022-08-04,100941.96655441528,-0.0014977533699450651,1,18.026785850524902,-0.09317117216579196
2022-08-05,101508.47090050949,0.005612178615410857,1,18.170713220323837,-0.08808188681038276
2022-08-08,87214.67671364654,-0.14081380657258247,0,,-0.21649254761109982
2022-08-09,87214.67671364654,0.0,0,,-0.21649254761109982
2022-08-10,87214.67671364654,0.0,0,,-0.21649254761109982
2022-08-11,87214.67671364654,0.0,0,,-0.21649254761109982
2022-08-12,88349.95929494892,0.013017104736051222,1,14.99285728590829,-0.2062935490418769
2022-08-15,87822.49483928745,-0.005970172028043286,1,14.99285728590829,-0.2110321130938646
2022-08-16,88402.70674656983,0.006606643415723479,1,14.999286345073156,-0.2058196835986189
2022-08-17,85818.14198043109,-0.029236262793944756,1,14.999286345073156,-0.2290385480347079
2022-08-18,84109.40001325493,-0.019911197419839266,0,,-0.24438931370787476
2022-08-19,84109.40001325493,0.0,0,,-0.24438931370787476
2022-08-22,84109.40001325493,0.0,0,,-0.24438931370787476
2022-08-23,84109.40001325493,0.0,0,,-0.24438931370787476
2022-08-24,84109.40001325493,0.0,0,,-0.24438931370787476
2022-08-25,84109.40001325493,0.0,0,,-0.24438931370787476
2022-08-26,84109.40001325493,0.0,0,,-0.24438931370787476
2022-08-29,84109.40001325493,0.0,0,,-0.24438931370787476
2022-08-30,84109.40001325493,0.0,0,,-0.24438931370787476
2022-08-31,84109.40001325493,0.0,0,,-0.24438931370787476
2022-09-01,84109.40001325493,0.0,0,,-0.24438931370787476
2022-09-02,84109.40001325493,0.0,0,,-0.24438931370787476
2022-09-05,84109.40001325493,0.0,0,,-0.24438931370787476
2022-09-06,84109.40001325493,0.0,0,,-0.24438931370787476
2022-09-08,84109.40001325493,0.0,0,,-0.24438931370787476
2022-09-09,84109.40001325493,0.0,0,,-0.24438931370787476
2022-09-12,84109.40001325493,0.0,0,,-0.24438931370787476
2022-09-13,84109.40001325493,0.0,0,,-0.24438931370787476
2022-09-14,84109.40001325493,0.0,0,,-0.24438931370787476
2022-09-15,84109.40001325493,0.0,0,,-0.24438931370787476
2022-09-16,84109.40001325493,0.0,0,,-0.24438931370787476
2022-09-19,84109.40001325493,0.0,0,,-0.24438931370787476
2022-09-20,84109.40001325493,0.0,0,,-0.24438931370787476
2022-09-21,84109.40001325493,0.0,0,,-0.24438931370787476
2022-09-22,84109.40001325493,0.0,0,,-0.24438931370787476
2022-09-23,84109.40001325493,0.0,0,,-0.24438931370787476
2022-09-26,84109.40001325493,0.0,0,,-0.24438931370787476
2022-09-27,84109.40001325493,0.0,0,,-0.24438931370787476
2022-09-28,85312.66058858592,0.014305898926176619,1,13.030714273452759,-0.2335796236022406
2022-09-29,86702.31741591345,0.016288987094530416,1,13.196428946086339,-0.22109541198211224
2022-09-30,87789.86866982779,0.012543508481985821,1,13.347857066563197,-0.2113252156756522
2022-10-03,84768.88208059143,-0.03441156291733505,1,13.347857066563197,-0.23846474763774517
2022-10-04,88333.64717782228,0.04205275579595069,1,13.357500110353742,-0.20644009164014765
2022-10-05,87366.93239119858,-0.010943902097437674,1,13.357500110353742,-0.2151247335856895
2022-10-06,87366.93239119858,0.0,1,13.357500110353742,-0.2151247335856895
2022-10-07,86823.1538832041,-0.006224076926034661,1,13.357500110353742,-0.22000985762119407
2022-10-10,83681.33082667709,-0.03618646543010218,1,13.357500110353742,-0.2482349439442052
2022-10-11,86098.11779323632,0.0288808380875889,1,13.357500110353742,-0.2265233390803506
2022-10-13,86400.2176045749,0.003508785314727314,1,13.357500110353742,-0.22380937553123137
2022-10-14,81385.3803274085,-0.058041951932547686,1,13.357500110353742,-0.26886099444714184
2022-10-17,84950.14542463936,0.04380104980636612,1,13.357500110353742,-0.23683633844954421
2022-10-18,84950.14542463936,0.0,1,13.357500110353742,-0.23683633844954421
2022-10-19,85131.40300661263,0.002133693604257303,1,13.357500110353742,-0.23520798102589247
2022-10-20,84164.68821998894,-0.011355560374690432,1,13.357500110353742,-0.24389262297143433
2022-10-21,84164.68821998894,0.0,1,13.357500110353742,-0.24389262297143433
2022-10-24,85856.4390965804,0.020100482902872363,1,13.357500110353742,-0.22869449956673593
2022-10-25,92079.66985702641,0.07248414709402828,1,14.30428569657462,-0.17278707821889827
2022-10-26,93831.84184830051,0.019028869173778773,1,14.579999957765851,-0.1570461517514664
2022-10-27,93831.84184830051,0.0,1,14.579999957765851,-0.1570461517514664
2022-10-28,91717.15469307985,-0.02253698865508269,1,14.579999957765851,-0.17604379306620188
2022-10-31,91717.15469307985,0.0,1,14.579999957765851,-0.17604379306620188
2022-11-01,87959.8307339243,-0.04096642522033056,0,,-0.20979833340238252
2022-11-03,87959.8307339243,0.0,0,,-0.20979833340238252
2022-11-04,87959.8307339243,0.0,0,,-0.20979833340238252
2022-11-07,87959.8307339243,0.0,0,,-0.20979833340238252
2022-11-08,87959.8307339243,0.0,0,,-0.20979833340238252
2022-11-09,87959.8307339243,0.0,0,,-0.20979833340238252
2022-11-10,87959.8307339243,0.0,0,,-0.20979833340238252
2022-11-11,87959.8307339243,0.0,0,,-0.20979833340238252
2022-11-14,87828.08860102277,-0.0014977533699450651,1,12.710000174386161,-0.2109818606114653
2022-11-16,86869.52919304695,-0.010914041546893571,1,12.710000174386161,-0.21959323736600445
2022-11-17,85851.05839370647,-0.011724143192685887,1,12.710000174386161,-0.22874283799966588
2022-11-18,79560.50513703426,-0.07327286785241727,1,12.710000174386161,-0.2852550621111467
2022-11-21,79441.16437932871,-0.0014999999999999458,0,,-0.2863271795179799
2022-11-22,79441.16437932871,0.0,0,,-0.2863271795179799
2022-11-23,79441.16437932871,0.0,0,,-0.2863271795179799
2022-11-24,79441.16437932871,0.0,0,,-0.2863271795179799
2022-11-25,79441.16437932871,0.0,0,,-0.2863271795179799
2022-11-28,79441.16437932871,0.0,0,,-0.2863271795179799
2022-11-29,79441.16437932871,0.0,0,,-0.2863271795179799
2022-11-30,79441.16437932871,0.0,0,,-0.2863271795179799
2022-12-01,79441.16437932871,0.0,0,,-0.2863271795179799
2022-12-02,79441.16437932871,0.0,0,,-0.2863271795179799
2022-12-05,79441.16437932871,0.0,0,,-0.2863271795179799
2022-12-06,79441.16437932871,0.0,0,,-0.2863271795179799
2022-12-07,79710.06116685933,0.0033848545603718527,1,11.378929240362984,-0.2839115008169578
2022-12-08,80042.3460727278,0.004168669563217264,0,,-0.2809263644858436
2022-12-09,79540.05557739374,-0.0062753095077656695,1,11.702500207083565,-0.28543877410756935
2022-12-12,80120.77200038709,0.007300930566088271,0,,-0.28022181221210973
2022-12-13,80120.77200038709,0.0,0,,-0.28022181221210973
2022-12-14,80120.77200038709,0.0,0,,-0.28022181221210973
2022-12-15,80120.77200038709,0.0,0,,-0.28022181221210973
2022-12-16,80120.77200038709,0.0,0,,-0.28022181221210973
2022-12-19,80120.77200038709,0.0,0,,-0.28022181221210973
2022-12-20,80120.77200038709,0.0,0,,-0.28022181221210973
2022-12-21,80120.77200038709,0.0,0,,-0.28022181221210973
2022-12-22,80120.77200038709,0.0,0,,-0.28022181221210973
2022-12-23,80120.77200038709,0.0,0,,-0.28022181221210973
2022-12-26,80120.77200038709,0.0,0,,-0.28022181221210973
2022-12-27,80120.77200038709,0.0,0,,-0.28022181221210973
2022-12-28,80120.77200038709,0.0,0,,-0.28022181221210973
2022-12-29,80120.77200038709,0.0,0,,-0.28022181221210973
2023-01-02,80120.77200038709,0.0,0,,-0.28022181221210973
2023-01-03,80120.77200038709,0.0,0,,-0.28022181221210973
2023-01-04,80120.77200038709,0.0,0,,-0.28022181221210973
2023-01-05,80120.77200038709,0.0,0,,-0.28022181221210973
2023-01-06,80120.77200038709,0.0,0,,-0.28022181221210973
2023-01-09,80120.77200038709,0.0,0,,-0.28022181221210973
2023-01-10,80120.77200038709,0.0,0,,-0.28022181221210973
2023-01-11,80120.77200038709,0.0,0,,-0.28022181221210973
2023-01-12,80120.77200038709,0.0,0,,-0.28022181221210973
2023-01-13,80120.77200038709,0.0,0,,-0.28022181221210973
2023-01-16,80120.77200038709,0.0,0,,-0.28022181221210973
2023-01-17,80120.77200038709,0.0,0,,-0.28022181221210973
2023-01-18,79205.4035211168,-0.011424858453259468,1,11.053928170885358,-0.28844517612533005
2023-01-19,77548.38668460381,-0.020920502425963994,1,11.053928170885358,-0.3033312605444064
2023-01-20,80862.42035762977,0.04273504343171486,1,11.253571374075753,-0.2735590917062536
2023-01-23,84640.42304317132,0.046721365361469536,1,11.821786267416817,-0.23961878061634367
2023-01-24,82320.59694364612,-0.02740801636048018,1,11.821786267416817,-0.2604593215174129
2023-01-25,77101.15658001805,-0.06340382064042993,0,,-0.3073490260522247
2023-01-26,77101.15658001805,0.0,0,,-0.3073490260522247
2023-01-27,77101.15658001805,0.0,0,,-0.3073490260522247
2023-01-30,77101.15658001805,0.0,0,,-0.3073490260522247
2023-01-31,77101.15658001805,0.0,0,,-0.3073490260522247
2023-02-01,77101.15658001805,0.0,0,,-0.3073490260522247
2023-02-02,77101.15658001805,0.0,0,,-0.3073490260522247
2023-02-03,77101.15658001805,0.0,0,,-0.3073490260522247
2023-02-06,77101.15658001805,0.0,0,,-0.3073490260522247
2023-02-07,77101.15658001805,0.0,0,,-0.3073490260522247
2023-02-08,77101.15658001805,0.0,0,,-0.3073490260522247
2023-02-09,77101.15658001805,0.0,0,,-0.3073490260522247
2023-02-10,77101.15658001805,0.0,0,,-0.3073490260522247
2023-02-13,77101.15658001805,0.0,0,,-0.3073490260522247
2023-02-14,77101.15658001805,0.0,0,,-0.3073490260522247
2023-02-15,77101.15658001805,0.0,0,,-0.3073490260522247
2023-02-16,77101.15658001805,0.0,0,,-0.3073490260522247
2023-02-17,77101.15658001805,0.0,0,,-0.3073490260522247
2023-02-22,77101.15658001805,0.0,0,,-0.3073490260522247
2023-02-23,77101.15658001805,0.0,0,,-0.3073490260522247
2023-02-24,77101.15658001805,0.0,0,,-0.3073490260522247
2023-02-27,77101.15658001805,0.0,0,,-0.3073490260522247
2023-02-28,77101.15658001805,0.0,0,,-0.3073490260522247
2023-03-01,77101.15658001805,0.0,0,,-0.3073490260522247
2023-03-02,77101.15658001805,0.0,0,,-0.3073490260522247
2023-03-03,77101.15658001805,0.0,0,,-0.3073490260522247
2023-03-06,77101.15658001805,0.0,0,,-0.3073490260522247
2023-03-07,77101.15658001805,0.0,0,,-0.3073490260522247
2023-03-08,77101.15658001805,0.0,0,,-0.3073490260522247
2023-03-09,77101.15658001805,0.0,0,,-0.3073490260522247
2023-03-10,77101.15658001805,0.0,0,,-0.3073490260522247
2023-03-13,77101.15658001805,0.0,0,,-0.3073490260522247
2023-03-14,77101.15658001805,0.0,0,,-0.3073490260522247
2023-03-15,76985.67806292366,-0.0014977533699451762,1,12.595357520239693,-0.3083864463826508
2023-03-16,76985.67806292366,0.0,1,12.657857418060303,-0.3083864463826508
2023-03-17,77762.09368882376,0.01008519565503474,0,,-0.30141138837674597
2023-03-20,77762.09368882376,0.0,0,,-0.30141138837674597
2023-03-21,77762.09368882376,0.0,0,,-0.30141138837674597
2023-03-22,77762.09368882376,0.0,0,,-0.30141138837674597
2023-03-23,75723.96151693113,-0.026209841777775633,1,13.676785843712944,-0.3197212853551473
2023-03-24,74113.92120471396,-0.021261966225277096,1,13.676785843712944,-0.33418534840970116
2023-03-27,74113.92120471396,0.0,1,13.676785843712944,-0.33418534840970116
2023-03-28,71880.63404889873,-0.03013316688030232,1,13.676785843712944,-0.354248452417422
2023-03-29,72550.69564600624,0.009321865422774023,0,,-0.34822884339430915
2023-03-30,72442.03259711056,-0.0014977533699451762,1,13.084642682756696,-0.3492050358405484
2023-03-31,72131.34758362111,-0.004288739594281332,1,13.228214706693377,-0.35199612597109786
2023-04-03,72436.77916409922,0.004234380622433642,0,,-0.349252230923648
2023-04-04,72436.77916409922,0.0,0,,-0.349252230923648
2023-04-05,72436.77916409922,0.0,0,,-0.349252230923648
2023-04-06,73346.9978785569,0.012565698322887231,1,12.878214802060809,-0.34107513077314267
2023-04-10,73346.9978785569,0.0,1,12.928214754377093,-0.34107513077314267
2023-04-11,77153.75008104321,0.05190058642603579,1,13.66142909867423,-0.30687654364956984
2023-04-12,73615.07491458021,-0.045865238731052416,1,13.66142909867423,-0.3386668164451745
2023-04-13,76295.88618074685,0.03641660718646733,1,13.66142909867423,-0.31458330568028237
2023-04-14,76671.20323501455,0.004919230551678311,1,13.66142909867423,-0.3112115829369545
2023-04-17,78011.60886809787,0.017482517249333807,1,13.767857313156128,-0.2991698275545085
2023-04-18,78333.30335662252,0.004123674581158365,1,13.861785445894514,-0.29627983198668606
2023-04-19,76939.28538427954,-0.017795980925207844,1,13.861785445894514,-0.30880322267333515
2023-04-20,73879.40638089462,-0.03977004709755372,0,,-0.33629215106129395
2023-04-24,73879.40638089462,0.0,0,,-0.33629215106129395
2023-04-25,73879.40638089462,0.0,0,,-0.33629215106129395
2023-04-26,73879.40638089462,0.0,0,,-0.33629215106129395
2023-04-27,73879.40638089462,0.0,0,,-0.33629215106129395
2023-04-28,73879.40638089462,0.0,0,,-0.33629215106129395
2023-05-02,73879.40638089462,0.0,0,,-0.33629215106129395
2023-05-03,73879.40638089462,0.0,0,,-0.33629215106129395
2023-05-04,73879.40638089462,0.0,0,,-0.33629215106129395
2023-05-05,73879.40638089462,0.0,0,,-0.33629215106129395
2023-05-08,73879.40638089462,0.0,0,,-0.33629215106129395
2023-05-09,73879.40638089462,0.0,0,,-0.33629215106129395
2023-05-10,74582.38060064551,0.009515157933546625,1,15.183928762163434,-0.32997686605690757
2023-05-11,73497.54700830595,-0.014545440673828236,1,15.183928762163434,-0.3397226478017693
2023-05-12,73452.34453093876,-0.0006150202177778175,1,15.183928762163434,-0.3401287317227121
2023-05-15,67023.45804848184,-0.08752459194476792,0,,-0.3978836952147581
2023-05-16,67023.45804848184,0.0,0,,-0.3978836952147581
2023-05-17,67023.45804848184,0.0,0,,-0.3978836952147581
2023-05-18,67023.45804848184,0.0,0,,-0.3978836952147581
2023-05-19,67023.45804848184,0.0,0,,-0.3978836952147581
2023-05-22,67023.45804848184,0.0,0,,-0.3978836952147581
2023-05-23,67023.45804848184,0.0,0,,-0.3978836952147581
2023-05-24,67023.45804848184,0.0,0,,-0.3978836952147581
2023-05-25,67023.45804848184,0.0,0,,-0.3978836952147581
2023-05-26,67023.45804848184,0.0,0,,-0.3978836952147581
2023-05-29,67023.45804848184,0.0,0,,-0.3978836952147581
2023-05-30,67023.45804848184,0.0,0,,-0.3978836952147581
2023-05-31,67023.45804848184,0.0,0,,-0.3978836952147581
2023-06-01,67023.45804848184,0.0,0,,-0.3978836952147581
2023-06-02,67023.45804848184,0.0,0,,-0.3978836952147581
2023-06-05,67023.45804848184,0.0,0,,-0.3978836952147581
2023-06-06,67023.45804848184,0.0,0,,-0.3978836952147581
2023-06-07,67023.45804848184,0.0,0,,-0.3978836952147581
2023-06-09,67023.45804848184,0.0,0,,-0.3978836952147581
2023-06-12,67023.45804848184,0.0,0,,-0.3978836952147581
2023-06-13,67023.45804848184,0.0,0,,-0.3978836952147581
2023-06-14,67023.45804848184,0.0,0,,-0.3978836952147581
2023-06-15,67023.45804848184,0.0,0,,-0.3978836952147581
2023-06-16,67023.45804848184,0.0,0,,-0.3978836952147581
2023-06-19,67023.45804848184,0.0,0,,-0.3978836952147581
2023-06-20,67023.45804848184,0.0,0,,-0.3978836952147581
2023-06-21,67023.45804848184,0.0,0,,-0.3978836952147581
2023-06-22,67023.45804848184,0.0,0,,-0.3978836952147581
2023-06-23,67023.45804848184,0.0,0,,-0.3978836952147581
2023-06-26,67023.45804848184,0.0,0,,-0.3978836952147581
2023-06-27,67023.45804848184,0.0,0,,-0.3978836952147581
2023-06-28,68377.92413698172,0.020208836248349238,1,21.40607234409877,-0.38571562540889204
2023-06-29,69001.69146208094,0.009122349544417707,0,,-0.38011190862419786
2023-06-30,69001.69146208094,0.0,0,,-0.38011190862419786
2023-07-03,69037.8121455802,0.0005234753342113763,1,22.216071673801967,-0.3797874124983913
2023-07-04,70293.04722182997,0.018181849007654627,1,22.69107232775007,-0.36851080087979027
2023-07-05,69129.22014828507,-0.016556787897843095,0,,-0.3789662336094023
2023-07-06,69129.22014828507,0.0,0,,-0.3789662336094023
2023-07-07,68131.70713292963,-0.014429687087684884,1,23.03892844063895,-0.3879275565293051
2023-07-10,71870.1496793336,0.054870818649971786,1,24.051429407937185,-0.3543426404829795
2023-07-11,71924.32603721142,0.0007538088917240504,1,24.29285648890904,-0.35385593822436845
2023-07-12,72032.68908703628,0.0015066258635334506,1,24.416786193847656,-0.35288244086932885
2023-07-13,73143.38451256807,0.015419324748375596,1,24.801785809653147,-0.3429043250747169
2023-07-14,70867.81213659207,-0.031111116762514546,1,24.801785809653147,-0.36334730534146065
2023-07-17,71600.04369693942,0.010332357360433697,0,,-0.3567691821857655
2023-07-18,72342.1206104392,0.010364196377320223,1,26.57785620008196,-0.3501026116739945
2023-07-19,72067.34368740067,-0.0037982978757037378,1,26.57785620008196,-0.3525711155434986
2023-07-20,68145.48212414453,-0.054419399447655614,1,26.57785620008196,-0.38780380662068703
2023-07-21,66291.93687041194,-0.027199825959934976,0,,-0.404455436533939
2023-07-24,66291.93687041194,0.0,0,,-0.404455436533939
2023-07-25,66291.93687041194,0.0,0,,-0.404455436533939
2023-07-26,66291.93687041194,0.0,0,,-0.404455436533939
2023-07-27,66291.93687041194,0.0,0,,-0.404455436533939
2023-07-28,66291.93687041194,0.0,0,,-0.404455436533939
2023-07-31,66291.93687041194,0.0,0,,-0.404455436533939
2023-08-01,66291.93687041194,0.0,0,,-0.404455436533939
2023-08-02,66291.93687041194,0.0,0,,-0.404455436533939
2023-08-03,66291.93687041194,0.0,0,,-0.404455436533939
2023-08-04,66291.93687041194,0.0,0,,-0.404455436533939
2023-08-07,66291.93687041194,0.0,0,,-0.404455436533939
2023-08-08,66291.93687041194,0.0,0,,-0.404455436533939
2023-08-09,66291.93687041194,0.0,0,,-0.404455436533939
2023-08-10,66291.93687041194,0.0,0,,-0.404455436533939
2023-08-11,66291.93687041194,0.0,0,,-0.404455436533939
2023-08-14,66291.93687041194,0.0,0,,-0.404455436533939
2023-08-15,66291.93687041194,0.0,0,,-0.404455436533939
2023-08-16,66291.93687041194,0.0,0,,-0.404455436533939
2023-08-17,66291.93687041194,0.0,0,,-0.404455436533939
2023-08-18,66291.93687041194,0.0,0,,-0.404455436533939
2023-08-21,66291.93687041194,0.0,0,,-0.404455436533939
2023-08-22,66291.93687041194,0.0,0,,-0.404455436533939
2023-08-23,66291.93687041194,0.0,0,,-0.404455436533939
2023-08-24,66291.93687041194,0.0,0,,-0.404455436533939
2023-08-25,66291.93687041194,0.0,0,,-0.404455436533939
2023-08-28,66291.93687041194,0.0,0,,-0.404455436533939
2023-08-29,66291.93687041194,0.0,0,,-0.404455436533939
2023-08-30,66291.93687041194,0.0,0,,-0.404455436533939
2023-08-31,66291.93687041194,0.0,0,,-0.404455436533939
2023-09-01,66291.93687041194,0.0,0,,-0.404455436533939
2023-09-04,66291.93687041194,0.0,0,,-0.404455436533939
2023-09-05,66291.93687041194,0.0,0,,-0.404455436533939
2023-09-06,66291.93687041194,0.0,0,,-0.404455436533939
2023-09-08,67334.81718867786,0.01573163143965073,1,22.56428602763585,-0.39508654895560325
2023-09-11,69061.34992350335,0.02564101020706122,1,23.125000272478378,-0.3795759569829852
2023-09-12,68662.92007182215,-0.005769216097318175,1,23.125000272478378,-0.3831553173591221
2023-09-13,68294.7025342083,-0.0053626839235599855,0,,-0.3864632604220539
2023-09-14,68294.7025342083,0.0,0,,-0.3864632604220539
2023-09-15,68294.7025342083,0.0,0,,-0.3864632604220539
2023-09-18,69471.19284077606,0.017226670047775006,1,22.69178601673671,-0.375894065447157
2023-09-19,68498.20587726554,-0.014005617634068046,1,22.69178601673671,-0.38463505452965674
2023-09-20,67831.01618003467,-0.00974025069249751,1,22.69178601673671,-0.39062886336591296
2023-09-21,66202.58739266127,-0.024007141261915943,0,,-0.4052581223240218
2023-09-22,66202.58739266127,0.0,0,,-0.4052581223240218
2023-09-25,67163.15171948752,0.014509468053400143,1,21.560715402875626,-0.396628734049863
2023-09-26,66147.26511622468,-0.015125654131089239,0,,-0.4057551191312623
2023-09-27,66147.26511622468,0.0,0,,-0.4057551191312623
2023-09-28,68508.81375154918,0.03570137981026322,1,24.3000009400504,-0.38453975693906284
2023-09-29,69415.35362244723,0.01323245610682533,1,24.555356434413365,-0.37639570628726293
2023-10-02,69518.96100213373,0.001492571517391017,1,24.6257141658238,-0.3754649322803445
2023-10-03,66307.20633592868,-0.046199693147118026,1,24.6257141658238,-0.4043182607686072
2023-10-04,69285.84933811087,0.04492185942945093,1,24.6257141658238,-0.3775591294141637
2023-10-05,69881.57695049295,0.008598113728460755,1,24.6257141658238,-0.37220731201962454
2023-10-06,74077.58196263271,0.06004450951518159,1,25.962500299726212,-0.3345118079926255
2023-10-09,77807.36364672674,0.050349668351424404,1,27.08821507862636,-0.30100469823326503
2023-10-10,78403.09125910881,0.0076564425841092465,1,27.209286281040736,-0.2956528808387259
2023-10-11,77962.76977598472,-0.005616124008030576,1,27.209286281040736,-0.29960858160463466
2023-10-13,77289.33662883776,-0.008637881248729107,1,27.209286281040736,-0.30565847950436276
2023-10-16,75968.37217946546,-0.017091160397920024,1,27.209286281040736,-0.31752558180208945
2023-10-17,77548.35013778225,0.020797838797760537,1,27.209286281040736,-0.30333158886881384
2023-10-18,75217.23843782539,-0.03006010696314121,1,27.209286281040736,-0.324273515825259
2023-10-19,74699.21141993642,-0.0068870783964926074,1,27.209286281040736,-0.3289272970963567
2023-10-20,69750.89159291297,-0.06624326727099539,0,,-0.373381345513072
2023-10-23,69750.89159291297,0.0,0,,-0.373381345513072
2023-10-24,69750.89159291297,0.0,0,,-0.373381345513072
2023-10-25,69750.89159291297,0.0,0,,-0.373381345513072
2023-10-26,69750.89159291297,0.0,0,,-0.373381345513072
2023-10-27,69750.89159291297,0.0,0,,-0.373381345513072
2023-10-30,69750.89159291297,0.0,0,,-0.373381345513072
2023-10-31,69750.89159291297,0.0,0,,-0.373381345513072
2023-11-01,69750.89159291297,0.0,0,,-0.373381345513072
2023-11-03,69750.89159291297,0.0,0,,-0.373381345513072
2023-11-06,67365.86391340035,-0.034193508140832996,1,27.72321346827916,-0.3948076355764686
2023-11-07,68483.78402275634,0.01659475651931208,1,27.72321346827916,-0.3847646156415133
2023-11-08,67611.80770210724,-0.012732595505519306,1,27.72321346827916,-0.3925981589312326
2023-11-09,67276.4325222058,-0.004960304883121602,1,27.72321346827916,-0.3956110572495031
2023-11-10,67153.19249786304,-0.0018318454133560147,0,,-0.39671820436216365
2023-11-13,66534.91274854653,-0.00920700455657697,1,28.778214318411692,-0.40227262260350105
2023-11-14,66307.12311989036,-0.0034236105413867346,1,28.778214318411692,-0.4043190083536312
2023-11-16,66659.15589182243,0.005309124500780582,1,28.82392610822405,-0.40115646380623227
2023-11-17,69019.87830740541,0.03541482612552227,1,29.9067861693246,-0.37994852409553714
2023-11-20,71794.74716707067,0.040203908319083936,1,31.132497242518834,-0.35502003140516136
2023-11-21,67176.85672077272,-0.06432072858411009,1,31.132497242518834,-0.39650561290733777
2023-11-22,66576.32976280108,-0.008939491772706587,1,31.132497242518834,-0.4019005460156272
2023-11-23,66576.32976280108,0.0,1,31.132497242518834,-0.4019005460156272
2023-11-24,64372.57460119873,-0.03310118129752593,0,,-0.42169834447591525
2023-11-27,64372.57460119873,0.0,0,,-0.42169834447591525
2023-11-28,64372.57460119873,0.0,0,,-0.42169834447591525
2023-11-29,64372.57460119873,0.0,0,,-0.42169834447591525
2023-11-30,64372.57460119873,0.0,0,,-0.42169834447591525
2023-12-01,64372.57460119873,0.0,0,,-0.42169834447591525
2023-12-04,64372.57460119873,0.0,0,,-0.42169834447591525
2023-12-05,64372.57460119873,0.0,0,,-0.42169834447591525
2023-12-06,64372.57460119873,0.0,0,,-0.42169834447591525
2023-12-07,64372.57460119873,0.0,0,,-0.42169834447591525
2023-12-08,64372.57460119873,0.0,0,,-0.42169834447591525
2023-12-11,64372.57460119873,0.0,0,,-0.42169834447591525
2023-12-12,64372.57460119873,0.0,0,,-0.42169834447591525
2023-12-13,64372.57460119873,0.0,0,,-0.42169834447591525
2023-12-14,64372.57460119873,0.0,0,,-0.42169834447591525
2023-12-15,64372.57460119873,0.0,0,,-0.42169834447591525
2023-12-18,64372.57460119873,0.0,0,,-0.42169834447591525
2023-12-19,64372.57460119873,0.0,0,,-0.42169834447591525
2023-12-20,64372.57460119873,0.0,0,,-0.42169834447591525
2023-12-21,64372.57460119873,0.0,0,,-0.42169834447591525
2023-12-22,64372.57460119873,0.0,0,,-0.42169834447591525
2023-12-26,64372.57460119873,0.0,0,,-0.42169834447591525
2023-12-27,64372.57460119873,0.0,0,,-0.42169834447591525
2023-12-28,64372.57460119873,0.0,0,,-0.42169834447591525
2024-01-02,64372.57460119873,0.0,0,,-0.42169834447591525
2024-01-03,64372.57460119873,0.0,0,,-0.42169834447591525
2024-01-04,64372.57460119873,0.0,0,,-0.42169834447591525
2024-01-05,64372.57460119873,0.0,0,,-0.42169834447591525
2024-01-08,64372.57460119873,0.0,0,,-0.42169834447591525
2024-01-09,64372.57460119873,0.0,0,,-0.42169834447591525
2024-01-10,64372.57460119873,0.0,0,,-0.42169834447591525
2024-01-11,64372.57460119873,0.0,0,,-0.42169834447591525
2024-01-12,64372.57460119873,0.0,0,,-0.42169834447591525
2024-01-15,64372.57460119873,0.0,0,,-0.42169834447591525
2024-01-16,64372.57460119873,0.0,0,,-0.42169834447591525
2024-01-17,64372.57460119873,0.0,0,,-0.42169834447591525
2024-01-18,64372.57460119873,0.0,0,,-0.42169834447591525
2024-01-19,64372.57460119873,0.0,0,,-0.42169834447591525
2024-01-22,64372.57460119873,0.0,0,,-0.42169834447591525
2024-01-23,63281.17587810827,-0.016954405348114432,1,26.800356319972447,-0.4315031051571562
2024-01-24,61512.30754695691,-0.027952519949353327,1,26.800356319972447,-0.4473940259513962
2024-01-25,60669.398435379546,-0.013703096911685697,0,,-0.4549664391677607
2024-01-26,60669.398435379546,0.0,0,,-0.4549664391677607
2024-01-29,60669.398435379546,0.0,0,,-0.4549664391677607
2024-01-30,60669.398435379546,0.0,0,,-0.4549664391677607
2024-01-31,59693.199841164256,-0.016090461079073748,1,25.16464294706072,-0.46373628046512083
2024-02-01,59538.268217940466,-0.0025954652060208305,1,25.16464294706072,-0.4651281342904249
2024-02-02,61663.05622355708,0.03568776971877674,1,25.495714255741664,-0.4460397503179291
2024-02-05,61508.12460033329,-0.0025125518051212214,1,25.495714255741664,-0.44743160414323324
2024-02-06,80099.99537545056,0.3022669101996409,1,32.04714134761265,-0.2804084624536364
2024-02-07,85057.83264803262,0.061895599985285044,1,33.71749973297119,-0.23586891249287045
2024-02-08,91520.71876862581,0.07598225724062901,1,36.187498160770964,-0.17780850763634204
2024-02-09,88798.33796222742,-0.029746060160222965,1,36.187498160770964,-0.20226546523141498
2024-02-14,92339.65271211183,0.03988041703427814,1,36.4467864717756,-0.17045147930219784
2024-02-15,92959.379205007,0.0067113799401792296,1,36.72678559167044,-0.16488406400098132
2024-02-16,89639.40137625675,-0.03571428571428581,1,36.72678559167044,-0.19470963314380352
2024-02-19,90259.12786915193,0.006913550106095734,1,36.72678559167044,-0.189142217842587
2024-02-20,84991.4357932625,-0.0583618765242887,1,36.72678559167044,-0.23646539960361646
2024-02-21,81166.1438098544,-0.04500796989373057,0,,-0.2708305419110786
2024-02-22,81166.1438098544,0.0,0,,-0.2708305419110786
2024-02-23,81166.1438098544,0.0,0,,-0.2708305419110786
2024-02-26,81166.1438098544,0.0,0,,-0.2708305419110786
2024-02-27,81166.1438098544,0.0,0,,-0.2708305419110786
2024-02-28,81166.1438098544,0.0,0,,-0.2708305419110786
2024-02-29,81166.1438098544,0.0,0,,-0.2708305419110786
2024-03-01,81166.1438098544,0.0,0,,-0.2708305419110786
2024-03-04,81166.1438098544,0.0,0,,-0.2708305419110786
2024-03-05,81166.1438098544,0.0,0,,-0.2708305419110786
2024-03-06,81166.1438098544,0.0,0,,-0.2708305419110786
2024-03-07,81166.1438098544,0.0,0,,-0.2708305419110786
2024-03-08,81166.1438098544,0.0,0,,-0.2708305419110786
2024-03-11,81166.1438098544,0.0,0,,-0.2708305419110786
2024-03-12,81166.1438098544,0.0,0,,-0.2708305419110786
2024-03-13,81166.1438098544,0.0,0,,-0.2708305419110786
2024-03-14,81166.1438098544,0.0,0,,-0.2708305419110786
2024-03-15,81166.1438098544,0.0,0,,-0.2708305419110786
2024-03-18,81166.1438098544,0.0,0,,-0.2708305419110786
2024-03-19,81166.1438098544,0.0,0,,-0.2708305419110786
2024-03-20,83414.42847932508,0.027699784219608503,1,35.90321608952114,-0.2506327052624865
2024-03-21,83332.70784847207,-0.0009796941889168576,1,35.90321608952114,-0.2513668560465052
2024-03-22,81963.91455826329,-0.016425642770396043,1,35.90321608952114,-0.2636636366351638
2024-03-25,82964.97280294185,0.0122134020815583,1,36.03500011989048,-0.2546704645621166
2024-03-26,84619.77271451954,0.019945765733066168,1,37.40035493033273,-0.23980429625433752
2024-03-27,82903.68622645625,-0.020279970425503557,1,37.40035493033273,-0.25522104264389434
2024-03-28,78429.579103608,-0.05396752938858429,1,37.40035493033273,-0.2954149229130092
2024-04-01,78352.73375990595,-0.000979800536740516,0,,-0.29610527574971834
2024-04-02,78352.73375990595,0.0,0,,-0.29610527574971834
2024-04-03,78352.73375990595,0.0,0,,-0.29610527574971834
2024-04-04,78352.73375990595,0.0,0,,-0.29610527574971834
2024-04-05,78352.73375990595,0.0,0,,-0.29610527574971834
2024-04-08,78352.73375990595,0.0,0,,-0.29610527574971834
2024-04-09,78352.73375990595,0.0,0,,-0.29610527574971834
2024-04-10,78352.73375990595,0.0,0,,-0.29610527574971834
2024-04-11,78352.73375990595,0.0,0,,-0.29610527574971834
2024-04-12,78352.73375990595,0.0,0,,-0.29610527574971834
2024-04-15,78352.73375990595,0.0,0,,-0.29610527574971834
2024-04-16,78352.73375990595,0.0,0,,-0.29610527574971834
2024-04-17,78352.73375990595,0.0,0,,-0.29610527574971834
2024-04-18,78352.73375990595,0.0,0,,-0.29610527574971834
2024-04-19,78352.73375990595,0.0,0,,-0.29610527574971834
2024-04-22,78352.73375990595,0.0,0,,-0.29610527574971834
2024-04-23,78352.73375990595,0.0,0,,-0.29610527574971834
2024-04-24,78352.73375990595,0.0,0,,-0.29610527574971834
2024-04-25,78352.73375990595,0.0,0,,-0.29610527574971834
2024-04-26,78352.73375990595,0.0,0,,-0.29610527574971834
2024-04-29,78352.73375990595,0.0,0,,-0.29610527574971834
2024-04-30,76139.79169816728,-0.02824332930768869,1,36.21964386531285,-0.31598560624466376
2024-05-02,76658.69647540516,0.0068151588763851745,1,36.21964386531285,-0.3113239394774868
2024-05-03,78574.6631175715,0.02499346754195142,1,36.36107131413051,-0.2941115367118985
2024-05-06,85140.84855337303,0.0835661926539415,1,39.401071957179475,-0.23512312539657032
2024-05-07,73972.98584944467,-0.13116926708720145,0,,-0.33545146445025154
2024-05-08,73972.98584944467,0.0,0,,-0.33545146445025154
2024-05-09,73972.98584944467,0.0,0,,-0.33545146445025154
2024-05-10,73972.98584944467,0.0,0,,-0.33545146445025154
2024-05-13,73972.98584944467,0.0,0,,-0.33545146445025154
2024-05-14,73972.98584944467,0.0,0,,-0.33545146445025154
2024-05-15,73972.98584944467,0.0,0,,-0.33545146445025154
2024-05-16,73972.98584944467,0.0,0,,-0.33545146445025154
2024-05-17,73972.98584944467,0.0,0,,-0.33545146445025154
2024-05-20,73972.98584944467,0.0,0,,-0.33545146445025154
2024-05-21,73678.86082015569,-0.003976114062606562,1,32.48071248190744,-0.3380937852277355
2024-05-22,73568.34252892545,-0.0015000000000000568,0,,-0.339086644549894
2024-05-23,73568.34252892545,0.0,0,,-0.339086644549894
2024-05-24,73568.34252892545,0.0,0,,-0.339086644549894
2024-05-27,73568.34252892545,0.0,0,,-0.339086644549894
2024-05-28,73568.34252892545,0.0,0,,-0.339086644549894
2024-05-29,73568.34252892545,0.0,0,,-0.339086644549894
2024-05-31,73568.34252892545,0.0,0,,-0.339086644549894
2024-06-03,73568.34252892545,0.0,0,,-0.339086644549894
2024-06-04,73568.34252892545,0.0,0,,-0.339086644549894
2024-06-05,73568.34252892545,0.0,0,,-0.339086644549894
2024-06-06,75244.09376944344,0.02277815678474915,1,39.047498430524556,-0.3240322565183168
2024-06-07,74594.65909485881,-0.008631038557983972,1,39.047498430524556,-0.3298665601762607
2024-06-10,74468.38089498355,-0.0016928584620874432,1,39.047498430524556,-0.33100100124059406
2024-06-11,76975.91498057195,0.03367246683024527,1,39.727141107831685,-0.30847415464540073
2024-06-12,77138.27364921811,0.0021092138844616137,1,39.727141107831685,-0.3070155787309147
2024-06-13,76110.0043750077,-0.013330208540657917,1,39.727141107831685,-0.31625320558185877
2024-06-14,75821.36750648628,-0.0037923643664407036,1,39.727141107831685,-0.3188462225606782
2024-06-17,81612.15543376874,0.0763740897549372,1,41.459643500191824,-0.26682372282561284
2024-06-18,84624.80231885819,0.03691419334628798,1,42.96535628182547,-0.23975911197308586
2024-06-19,86555.06266740375,0.02280962904081618,1,43.39071301051548,-0.22241829933553126
2024-06-20,83614.56983821033,-0.033972511122689064,1,43.39071301051548,-0.24883470231015437
2024-06-21,78158.65758151273,-0.06525073641178203,0,,-0.2978487911513923
2024-06-24,78158.65758151273,0.0,0,,-0.2978487911513923
2024-06-25,78158.65758151273,0.0,0,,-0.2978487911513923
2024-06-26,78158.65758151273,0.0,0,,-0.2978487911513923
2024-06-27,78158.65758151273,0.0,0,,-0.2978487911513923
2024-06-28,78158.65758151273,0.0,0,,-0.2978487911513923
2024-07-01,78158.65758151273,0.0,0,,-0.2978487911513923
2024-07-02,78158.65758151273,0.0,0,,-0.2978487911513923
2024-07-03,78158.65758151273,0.0,0,,-0.2978487911513923
2024-07-04,78158.65758151273,0.0,0,,-0.2978487911513923
2024-07-05,78158.65758151273,0.0,0,,-0.2978487911513923
2024-07-08,78158.65758151273,0.0,0,,-0.2978487911513923
2024-07-09,78158.65758151273,0.0,0,,-0.2978487911513923
2024-07-10,78158.65758151273,0.0,0,,-0.2978487911513923
2024-07-11,78158.65758151273,0.0,0,,-0.2978487911513923
2024-07-12,78158.65758151273,0.0,0,,-0.2978487911513923
2024-07-15,78158.65758151273,0.0,0,,-0.2978487911513923
2024-07-16,78158.65758151273,0.0,0,,-0.2978487911513923
2024-07-17,78158.65758151273,0.0,0,,-0.2978487911513923
2024-07-18,78158.65758151273,0.0,0,,-0.2978487911513923
2024-07-19,78158.65758151273,0.0,0,,-0.2978487911513923
2024-07-22,78158.65758151273,0.0,0,,-0.2978487911513923
2024-07-23,78158.65758151273,0.0,0,,-0.2978487911513923
2024-07-24,78158.65758151273,0.0,0,,-0.2978487911513923
2024-07-25,78158.65758151273,0.0,0,,-0.2978487911513923
2024-07-26,78158.65758151273,0.0,0,,-0.2978487911513923
2024-07-29,78158.65758151273,0.0,0,,-0.2978487911513923
2024-07-30,78158.65758151273,0.0,0,,-0.2978487911513923
2024-07-31,78158.65758151273,0.0,0,,-0.2978487911513923
2024-08-01,75746.25671201528,-0.030865433774646456,1,45.55607169015067,-0.3195209927878969
2024-08-02,71018.76532229186,-0.06241221144032483,1,45.55607169015067,-0.36199119246672096
2024-08-05,66632.0042555165,-0.06176904156060303,0,,-0.40140038501527486
2024-08-06,66632.0042555165,0.0,0,,-0.40140038501527486
2024-08-07,65906.80158637716,-0.010883698865763902,1,42.06071308680943,-0.4079153629659309
2024-08-08,66485.55478020056,0.00878138795834138,0,,-0.40271603806396095
2024-08-09,66883.11261930797,0.005979612269488177,1,46.6474974496024,-0.39914451155679975
2024-08-12,65525.08116713298,-0.020304549220141244,1,46.6474974496024,-0.4113446113960868
2024-08-13,66652.73372911863,0.017209479819023432,1,46.6474974496024,-0.4012141583655483
2024-08-14,66919.48701632945,0.00400213573077024,1,46.920353480747764,-0.39881773615366367
2024-08-15,69053.54106660784,0.03188987461541126,1,48.544641630990164,-0.379646109138595
2024-08-16,70738.95596827209,0.024407363845954322,1,49.59535503387451,-0.3645049060110872
2024-08-19,70714.70482844711,-0.00034282580924516193,1,49.60749748774937,-0.3647227701309552
2024-08-20,71151.21609443278,0.006172850004035668,1,50.10499817984444,-0.36080129907999425
2024-08-21,71805.98299341128,0.009202469541904845,1,50.83607046944755,-0.3549190925035529
2024-08-22,72436.4987525648,0.008780824840339152,1,51.75607190813337,-0.3492547500469795
2024-08-23,70423.7004014113,-0.02778707400020808,1,51.75607190813337,-0.367337056462708
2024-08-26,68192.64641726497,-0.03168044239978085,1,51.75607190813337,-0.38738009840391696
2024-08-27,68641.28094044715,0.00657892817998329,1,51.75607190813337,-0.38334971606968793
2024-08-28,67925.88850462218,-0.01042218947582918,1,51.75607190813337,-0.3897765621691335
2024-08-29,70447.9469158043,0.0371295608597082,1,52.50178446088518,-0.36711923389617196
2024-08-30,70593.45375475418,0.0020654518026448354,1,52.90750190189907,-0.3658120491769635
2024-09-02,72751.75431942557,0.03057366441043463,1,54.62857246398926,-0.3464225995953588
2024-09-03,69114.1666034543,-0.04999999999999982,1,54.62857246398926,-0.3791014696155909
2024-09-04,69429.42217031507,0.004561374061985868,1,54.62857246398926,-0.3762693191639702
2024-09-05,67901.6373647972,-0.02200486130750312,1,54.62857246398926,-0.3899944262890015
2024-09-06,71017.83713811138,0.045892851693289716,1,54.62857246398926,-0.3619995309626026
2024-09-09,77759.49674476834,0.09492910342434357,1,57.92999839782715,-0.30143471845257175
2024-09-10,79529.78832310403,0.022766242741338205,1,59.170355388096404,-0.28553101168219186
2024-09-11,79323.66057273967,-0.0025918307430535803,1,59.170355388096404,-0.2873827943710723
2024-09-12,79347.91633799662,0.0003057822228804685,1,59.200719015938894,-0.28716488869787216
2024-09-13,79917.8065603037,0.007182169975069375,1,59.735005378723145,-0.2820451857643028
2024-09-16,81312.20778406819,0.017447941626279606,1,60.72964300428118,-0.2695183520752119
2024-09-17,81421.34022599658,0.0013421409269589457,1,60.83214691707066,-0.26853794275913956
2024-09-18,80463.4410173538,-0.01176471924908129,1,60.83214691707066,-0.2771433885039337
2024-09-19,80766.57332701808,0.0037673296820464053,1,60.83214691707066,-0.274420149335581
2024-09-20,82415.61383166084,0.020417363727515347,1,61.99143055507115,-0.2596057216112093
2024-09-23,84210.15192438953,0.021774248947464603,1,63.53035518101284,-0.2434841922742934
2024-09-24,81481.96113741107,-0.03239740963094384,1,63.53035518101284,-0.26799334478946746
2024-09-25,82063.97924234661,0.007142907421607392,1,63.53035518101284,-0.26276468901929817
2024-09-26,82015.47696269664,-0.0005910300730938012,1,63.53035518101284,-0.2632004172590343
2024-09-27,81009.07547440391,-0.012270872834775681,1,63.53035518101284,-0.2722415912435646
2024-09-30,81882.09800637525,0.010776848480972712,1,63.53035518101284,-0.2643986491416427
2024-10-01,80790.81984141108,-0.013327432876465872,1,63.53035518101284,-0.274202326769045
2024-10-02,82949.12965694642,0.02671479036568769,1,63.53035518101284,-0.2548127940807762
2024-10-03,86513.9593280108,0.0429760949368303,1,65.85892977033343,-0.22278755797348027
2024-10-04,88187.25559791051,0.019341344251227133,1,67.25857625688825,-0.20775522457590856
2024-10-07,87423.35625700362,-0.008662241904770163,1,67.25857625688825,-0.21461784046842225
2024-10-08,92528.1032416463,0.058391111977398324,1,70.42428616115025,-0.168758502846163
2024-10-09,97002.33909256743,0.04835542601836562,1,73.63393102373395,-0.1285634661271451
2024-10-10,98796.88643616007,0.0185000419616701,1,75.24964904785156,-0.11244185368356507
2024-10-11,101840.32816456733,0.030805036860891866,1,77.53285843985421,-0.08510059227010247
2024-10-14,98336.11940491745,-0.034408851805615814,1,77.53285843985421,-0.11658123040772617
2024-10-15,97851.10585928183,-0.004932201398333502,1,77.53285843985421,-0.12093842969842317
2024-10-16,93869.84152826211,-0.04068696307576847,0,,-0.15670477535061056
2024-10-17,93869.84152826211,0.0,0,,-0.15670477535061056
2024-10-18,93869.84152826211,0.0,0,,-0.15670477535061056
2024-10-21,93869.84152826211,0.0,0,,-0.15670477535061056
2024-10-22,93869.84152826211,0.0,0,,-0.15670477535061056
2024-10-23,93869.84152826211,0.0,0,,-0.15670477535061056
2024-10-24,93869.84152826211,0.0,0,,-0.15670477535061056
2024-10-25,93869.84152826211,0.0,0,,-0.15670477535061056
2024-10-28,93869.84152826211,0.0,0,,-0.15670477535061056
2024-10-29,93869.84152826211,0.0,0,,-0.15670477535061056
2024-10-30,93869.84152826211,0.0,0,,-0.15670477535061056
2024-10-31,93869.84152826211,0.0,0,,-0.15670477535061056
2024-11-01,93869.84152826211,0.0,0,,-0.15670477535061056
2024-11-04,93869.84152826211,0.0,0,,-0.15670477535061056
2024-11-05,93869.84152826211,0.0,0,,-0.15670477535061056
2024-11-06,93869.84152826211,0.0,0,,-0.15670477535061056
2024-11-07,93869.84152826211,0.0,0,,-0.15670477535061056
2024-11-08,93869.84152826211,0.0,0,,-0.15670477535061056
2024-11-11,93869.84152826211,0.0,0,,-0.15670477535061056
2024-11-12,93869.84152826211,0.0,0,,-0.15670477535061056
2024-11-13,93869.84152826211,0.0,0,,-0.15670477535061056
2024-11-14,93869.84152826211,0.0,0,,-0.15670477535061056
2024-11-18,93869.84152826211,0.0,0,,-0.15670477535061056
2024-11-19,93869.84152826211,0.0,0,,-0.15670477535061056
2024-11-21,93869.84152826211,0.0,0,,-0.15670477535061056
2024-11-22,93869.84152826211,0.0,0,,-0.15670477535061056
2024-11-25,93869.84152826211,0.0,0,,-0.15670477535061056
2024-11-26,93869.84152826211,0.0,0,,-0.15670477535061056
2024-11-27,93869.84152826211,0.0,0,,-0.15670477535061056
2024-11-28,93869.84152826211,0.0,0,,-0.15670477535061056
2024-11-29,93869.84152826211,0.0,0,,-0.15670477535061056
2024-12-02,93869.84152826211,0.0,0,,-0.15670477535061056
2024-12-03,93869.84152826211,0.0,0,,-0.15670477535061056
2024-12-04,93869.84152826211,0.0,0,,-0.15670477535061056
2024-12-05,93869.84152826211,0.0,0,,-0.15670477535061056
2024-12-06,93869.84152826211,0.0,0,,-0.15670477535061056
2024-12-09,93869.84152826211,0.0,0,,-0.15670477535061056
2024-12-10,93869.84152826211,0.0,0,,-0.15670477535061056
2024-12-11,93869.84152826211,0.0,0,,-0.15670477535061056
2024-12-12,93869.84152826211,0.0,0,,-0.15670477535061056
2024-12-13,93869.84152826211,0.0,0,,-0.15670477535061056
2024-12-16,93869.84152826211,0.0,0,,-0.15670477535061056
2024-12-17,93869.84152826211,0.0,0,,-0.15670477535061056
2024-12-18,93869.84152826211,0.0,0,,-0.15670477535061056
2024-12-19,93869.84152826211,0.0,0,,-0.15670477535061056
2024-12-20,93869.84152826211,0.0,0,,-0.15670477535061056
2024-12-23,93869.84152826211,0.0,0,,-0.15670477535061056
2024-12-26,93869.84152826211,0.0,0,,-0.15670477535061056
2024-12-27,93869.84152826211,0.0,0,,-0.15670477535061056
2024-12-30,93869.84152826211,0.0,0,,-0.15670477535061056
2025-01-02,93869.84152826211,0.0,0,,-0.15670477535061056
2025-01-03,93869.84152826211,0.0,0,,-0.15670477535061056
2025-01-06,93869.84152826211,0.0,0,,-0.15670477535061056
2025-01-07,93869.84152826211,0.0,0,,-0.15670477535061056
2025-01-08,93869.84152826211,0.0,0,,-0.15670477535061056
2025-01-09,93869.84152826211,0.0,0,,-0.15670477535061056
2025-01-10,93869.84152826211,0.0,0,,-0.15670477535061056
2025-01-13,93869.84152826211,0.0,0,,-0.15670477535061056
2025-01-14,93869.84152826211,0.0,0,,-0.15670477535061056
2025-01-15,93869.84152826211,0.0,0,,-0.15670477535061056
2025-01-16,93869.84152826211,0.0,0,,-0.15670477535061056
2025-01-17,93869.84152826211,0.0,0,,-0.15670477535061056
2025-01-20,93869.84152826211,0.0,0,,-0.15670477535061056
2025-01-21,92630.24475292863,-0.013205484904970977,1,128.19285746983118,-0.1678408977101522
2025-01-22,90641.47531171746,-0.021469979341151357,0,,-0.18570733644486626
2025-01-23,90641.47531171746,0.0,0,,-0.18570733644486626
2025-01-24,90641.47531171746,0.0,0,,-0.18570733644486626
2025-01-27,90641.47531171746,0.0,0,,-0.18570733644486626
2025-01-28,90641.47531171746,0.0,0,,-0.18570733644486626
2025-01-29,90641.47531171746,0.0,0,,-0.18570733644486626
2025-01-30,90641.47531171746,0.0,0,,-0.18570733644486626
2025-01-31,91073.51767842386,0.004766497513644774,1,143.26785823277064,-0.1818260124886515
2025-02-03,87905.68058131698,-0.03478329571382488,0,,-0.210284800241618
2025-02-04,88038.66752918142,0.0015128367926282582,1,178.32678767613,-0.20909009003172585
2025-02-05,85480.42842733927,-0.029058130633271895,1,178.32678767613,-0.23207245351473327
2025-02-06,95228.19238966996,0.11403503868276177,1,186.84642028808594,-0.1445018060457275
2025-02-07,95417.85834372265,0.0019916996142967935,1,186.84642028808594,-0.14279791062279712
2025-02-10,98986.1573223032,0.037396552810130324,1,193.139644077846,-0.11074150741844846
2025-02-11,95461.96185306963,-0.035602912210832005,1,193.139644077846,-0.1424016994625663
2025-02-12,99131.71303673128,0.03844202562388088,1,193.139644077846,-0.10943388361830952
2025-02-13,100124.13285578643,0.010011123470522909,1,193.81428909301758,-0.10051831626854846
2025-02-14,100344.67059335424,0.0022026431718060735,1,195.25178909301758,-0.09853707907971265
2025-02-17,98668.58244178335,-0.01670331011761672,1,195.25178909301758,-0.11359449380737685
2025-02-18,103718.8952860307,0.05118460931803859,1,202.83570970807756,-0.06822417427554928
2025-02-19,92692.00840764013,-0.10631512076927918,1,202.83570970807756,-0.16728603371733908
2025-02-20,89331.65824841068,-0.03625285736016559,0,,-0.19747429435880215
2025-02-21,89331.65824841068,0.0,0,,-0.19747429435880215
2025-02-24,89331.65824841068,0.0,0,,-0.19747429435880215
2025-02-25,89331.65824841068,0.0,0,,-0.19747429435880215
2025-02-26,89331.65824841068,0.0,0,,-0.19747429435880215
2025-02-27,89331.65824841068,0.0,0,,-0.19747429435880215
2025-02-28,89331.65824841068,0.0,0,,-0.19747429435880215
2025-03-05,89331.65824841068,0.0,0,,-0.19747429435880215
2025-03-06,89331.65824841068,0.0,0,,-0.19747429435880215
2025-03-07,89331.65824841068,0.0,0,,-0.19747429435880215
2025-03-10,89331.65824841068,0.0,0,,-0.19747429435880215
2025-03-11,89331.65824841068,0.0,0,,-0.19747429435880215
2025-03-12,89331.65824841068,0.0,0,,-0.19747429435880215
2025-03-13,89331.65824841068,0.0,0,,-0.19747429435880215
2025-03-14,89331.65824841068,0.0,0,,-0.19747429435880215
2025-03-17,89331.65824841068,0.0,0,,-0.19747429435880215
2025-03-18,89331.65824841068,0.0,0,,-0.19747429435880215
2025-03-19,89331.65824841068,0.0,0,,-0.19747429435880215
2025-03-20,89331.65824841068,0.0,0,,-0.19747429435880215
2025-03-21,89331.65824841068,0.0,0,,-0.19747429435880215
2025-03-24,89331.65824841068,0.0,0,,-0.19747429435880215
2025-03-25,89331.65824841068,0.0,0,,-0.19747429435880215
2025-03-26,89331.65824841068,0.0,0,,-0.19747429435880215
2025-03-27,89331.65824841068,0.0,0,,-0.19747429435880215
2025-03-28,84817.05289673072,-0.05053757469861231,1,144.59357452392578,-0.23803199715520074
2025-03-31,79162.28660244137,-0.06667015772375784,0,,-0.28883252408532034
2025-04-01,79162.28660244137,0.0,0,,-0.28883252408532034
2025-04-02,79162.28660244137,0.0,0,,-0.28883252408532034
2025-04-03,79162.28660244137,0.0,0,,-0.28883252408532034
2025-04-04,71491.77315267018,-0.09689605718810335,1,131.62143216814314,-0.3577418485018682
2025-04-07,67568.9836410155,-0.05487050241819569,0,,-0.3929828759567523
2025-04-08,64522.95744980851,-0.04508024284322665,1,132.03786849975586,-0.4203473553186189
2025-04-09,75320.64522551678,0.16734644849637648,1,145.5789408002581,-0.32334454386965783
2025-04-10,71686.60293244367,-0.0482476256302965,1,145.5789408002581,-0.35599156299773205
2025-04-11,71832.80238052967,0.0020394249707127443,1,145.5789408002581,-0.3546781561099599
2025-04-14,75667.3351191078,0.0533813607641942,1,145.5789408002581,-0.3202299979522506
2025-04-15,81097.50563907209,0.07176373413199588,1,158.11070959908622,-0.27144716425438964
2025-04-16,75437.60223451401,-0.0697913377231073,1,158.11070959908622,-0.32229384126303906
2025-04-17,75186.97643027484,-0.003322292819700756,1,158.11070959908622,-0.32454537956807783
2025-04-22,74430.9306315146,-0.0100555419921875,1,158.11070959908622,-0.33133744186764813
2025-04-23,80433.35554362094,0.080644227623897,1,158.11070959908622,-0.27741366632604547
2025-04-24,84677.2441873683,0.05276279492586622,1,164.18964876447404,-0.2392879917861731
2025-04-25,89472.50067729127,0.05662981283746493,1,175.93750163487027,-0.19620901313781203
2025-04-28,89819.19694456123,0.003874891890195631,1,177.9210706438337,-0.19309440996140737
2025-04-29,91431.54013851317,0.017950986524040147,1,185.38999829973494,-0.1786096585884519
2025-04-30,93649.55492341764,0.02425874902188374,1,191.03749574933732,-0.15868375644714983
2025-05-02,97367.1370266775,0.03969674075119656,1,202.61607905796595,-0.12528624363706165
2025-05-05,98373.80225599796,0.01033886031839093,1,205.79392514910018,-0.11624270029145023
2025-05-06,85832.29702877568,-0.1274882635377409,0,,-0.22891138382009613
2025-05-07,85832.29702877568,0.0,0,,-0.22891138382009613
2025-05-08,85832.29702877568,0.0,0,,-0.22891138382009613
2025-05-09,85832.29702877568,0.0,0,,-0.22891138382009613
2025-05-12,85832.29702877568,0.0,0,,-0.22891138382009613
2025-05-13,85832.29702877568,0.0,0,,-0.22891138382009613
2025-05-14,85832.29702877568,0.0,0,,-0.22891138382009613
2025-05-15,85832.29702877568,0.0,0,,-0.22891138382009613
2025-05-16,85832.29702877568,0.0,0,,-0.22891138382009613
2025-05-19,85832.29702877568,0.0,0,,-0.22891138382009613
2025-05-20,85832.29702877568,0.0,0,,-0.22891138382009613
2025-05-21,85832.29702877568,0.0,0,,-0.22891138382009613
2025-05-22,85832.29702877568,0.0,0,,-0.22891138382009613
2025-05-23,85832.29702877568,0.0,0,,-0.22891138382009613
2025-05-26,85832.29702877568,0.0,0,,-0.22891138382009613
2025-05-27,85832.29702877568,0.0,0,,-0.22891138382009613
2025-05-28,85832.29702877568,0.0,0,,-0.22891138382009613
2025-05-29,85832.29702877568,0.0,0,,-0.22891138382009613
2025-05-30,85832.29702877568,0.0,0,,-0.22891138382009613
2025-06-02,85832.29702877568,0.0,0,,-0.22891138382009613
2025-06-03,85832.29702877568,0.0,0,,-0.22891138382009613
2025-06-04,85832.29702877568,0.0,0,,-0.22891138382009613
2025-06-05,85832.29702877568,0.0,0,,-0.22891138382009613
2025-06-06,85832.29702877568,0.0,0,,-0.22891138382009613
2025-06-09,91265.88005510617,0.06330464422394355,1,212.9967885698591,-0.18009789330769432
2025-06-10,91931.40053312482,0.007292106070930338,1,215.94749614170618,-0.17411908017791466
2025-06-11,94065.53769957944,0.02321445288637425,1,221.7250028337751,-0.15494670647494957
2025-06-12,93228.98647497843,-0.008893280632411127,1,221.7250028337751,-0.1624620025636111
2025-06-13,94920.680086039,0.018145575480589482,1,224.18929399762834,-0.14726439361326737
2025-06-16,96668.14150944923,0.018409701888211005,1,229.41964558192663,-0.13156578531022478
2025-06-17,94623.2385159801,-0.02115384615384619,1,229.41964558192663,-0.14993650908250855
2025-06-18,95478.3752292136,0.009037280129543301,1,229.41964558192663,-0.1422542471871897
2025-06-20,94348.10407086105,-0.011837980648907398,1,229.41964558192663,-0.1524082248106703
2025-06-23,95523.00082554546,0.01245278605494815,1,229.41964558192663,-0.1418533457723039
2025-06-24,98255.72574874702,0.028608030522327965,1,234.8378530229841,-0.11730346009552439
2025-06-25,98155.34368651768,-0.0010216408404130073,1,235.17500577654158,-0.11820525893038203
2025-06-26,98620.09436685157,0.004734848484848397,1,239.2660778590611,-0.11403009443668122
2025-06-27,90689.58807684692,-0.08041471001340139,1,239.2660778590611,-0.18527510747315612
2025-06-30,91369.98375364287,0.0075024673859958035,1,239.2660778590611,-0.17916266053841445
2025-07-01,91065.87063140284,-0.0033283701030307755,0,,-0.18189471099852972
2025-07-02,91065.87063140284,0.0,0,,-0.18189471099852972
2025-07-03,91065.87063140284,0.0,0,,-0.18189471099852972
2025-07-04,91065.87063140284,0.0,0,,-0.18189471099852972
2025-07-07,94378.79933553563,0.036379476538934696,1,225.37500708443778,-0.15213246883092224
2025-07-08,95124.09429234493,0.007896847195095535,1,228.05429567609514,-0.14543698849559716
2025-07-09,98629.5927819674,0.03685184616685033,1,236.91608047485352,-0.11394476385575658
2025-07-10,97865.57072996756,-0.007746377435510654,1,236.91608047485352,-0.12080848214364037
2025-07-11,98202.63558456876,0.003444161742347962,1,236.91608047485352,-0.11778040435364268
2025-07-14,104266.09983718509,0.0617444146638475,1,251.19821058000838,-0.06330827181548204
2025-07-15,102992.73737012816,-0.0122126220223574,1,251.19821058000838,-0.07474773384326838
2025-07-16,105037.60815549546,0.019854514382102284,1,254.74034881591797,-0.0563772994177868
2025-07-17,106666.76828705124,0.015510255423409891,1,261.7403542654855,-0.041741470308428785
2025-07-18,107082.49037027697,0.0038973908172317273,1,263.5146587916783,-0.03800676231427491
2025-07-21,105075.06234587653,-0.01874655713981821,1,263.5146587916783,-0.05604082351266915
2025-07-22,103179.99689261931,-0.01803534931075479,1,263.5146587916783,-0.07306545699571054
2025-07-23,106307.23320410422,0.030308552099875152,1,263.5146587916783,-0.044971413105891034
2025-07-24,107299.70638742443,0.009335895154139795,1,263.666075025286,-0.0360553663494414
2025-07-25,110554.27780267362,0.030331596654123105,1,272.95250810895647,-0.006817386524646252
2025-07-28,110670.37779226499,0.001050162796943921,1,272.95250810895647,-0.005774383093402835
2025-07-29,109172.30161233585,-0.013536379018612488,1,272.95250810895647,-0.019232597873864443
2025-07-30,110857.63731475614,0.01543739279588352,1,273.59107862200057,-0.004092106245845106
2025-07-31,111101.07240811178,0.0021959253259606903,1,274.33214024135043,-0.0019051668796261634
2025-08-01,107528.1575187448,-0.03215913952875682,1,274.33214024135043,-0.03400303788087544
2025-08-04,110595.46941150285,0.028525662147827147,1,274.33214024135043,-0.0064473349036380245
2025-08-05,118610.1861176551,0.07246876159394144,1,289.87322998046875,0.0
2025-08-06,122389.08190999665,0.03185979143977624,1,298.2775115966797,0.0
2025-08-07,124055.68480251929,0.013617251363550853,1,301.5649860927037,0.0
2025-08-08,127636.08595819678,0.028861242121850594,1,310.8178405761719,0.0
2025-08-11,124190.5176020083,-0.026995252403124947,1,310.8178405761719,-0.026995252403124947
2025-08-12,126954.46998268383,0.022255744110296183,1,310.8178405761719,-0.0053403077225055995
2025-08-13,125070.63964359951,-0.014838629465675934,1,310.8178405761719,-0.020099694340654617
2025-08-14,122872.20324884556,-0.01757755777869696,1,310.8178405761719,-0.037323948580744504
2025-08-15,119190.68606561195,-0.029962164638471234,1,310.8178405761719,-0.06616780692688162
2025-08-18,116232.5900148197,-0.024818181255906957,0,,-0.0893438235571713
2025-08-19,116232.5900148197,0.0,0,,-0.0893438235571713
2025-08-20,116232.5900148197,0.0,0,,-0.0893438235571713
2025-08-21,116232.5900148197,0.0,0,,-0.0893438235571713
2025-08-22,116232.5900148197,0.0,0,,-0.0893438235571713
2025-08-25,116232.5900148197,0.0,0,,-0.0893438235571713
2025-08-26,116232.5900148197,0.0,0,,-0.0893438235571713
2025-08-27,110667.2711597565,-0.047880881380631846,1,261.03214154924666,-0.13294684391997014
2025-08-28,110501.27025301688,-0.0014999999999999458,0,,-0.13424742365409015
2025-08-29,110501.27025301688,0.0,0,,-0.13424742365409015
2025-09-01,110335.76660311219,-0.0014977533699451762,1,249.6857190813337,-0.13554410749285095
2025-09-02,107532.388153102,-0.025407703560842543,0,,-0.15750794655109623
2025-09-03,107532.388153102,0.0,0,,-0.15750794655109623
2025-09-04,107532.388153102,0.0,0,,-0.15750794655109623
2025-09-05,107532.388153102,0.0,0,,-0.15750794655109623
2025-09-08,107532.388153102,0.0,0,,-0.15750794655109623
2025-09-09,107532.388153102,0.0,0,,-0.15750794655109623
2025-09-10,107532.388153102,0.0,0,,-0.15750794655109623
2025-09-11,107532.388153102,0.0,0,,-0.15750794655109623
2025-09-12,107532.388153102,0.0,0,,-0.15750794655109623
2025-09-15,107532.388153102,0.0,0,,-0.15750794655109623
2025-09-16,107532.388153102,0.0,0,,-0.15750794655109623
2025-09-17,107119.5346990989,-0.003839340510277567,1,272.9446563720703,-0.1607425604214895
2025-09-18,112946.72691155568,0.054398968673879056,1,285.53572627476285,-0.11508782125653816
2025-09-19,117137.26410629298,0.03710189139007758,1,295.73036411830356,-0.08225590571104135
2025-09-22,114385.53871934621,-0.023491460279026044,1,295.73036411830356,-0.10381505464834118
2025-09-23,115644.4990511629,0.011006289308175932,1,295.73036411830356,-0.09395138386616897
2025-09-24,114205.68724337239,-0.01244167962674958,1,295.73036411830356,-0.10522415047436584
2025-09-25,115410.69432784953,0.010551200326033294,1,295.73036411830356,-0.09578319123912415
2025-09-26,113569.01697023974,-0.015957597069627738,1,295.73036411830356,-0.11021231873691484
2025-09-29,113810.01180077741,0.0021220121206193543,1,295.73036411830356,-0.10832417849249676
2025-09-30,116885.47862628741,0.027022814397854145,1,295.73036411830356,-0.08422858826484536
2025-10-01,118439.38703598133,0.013294281102806282,1,298.25391169956754,-0.07205406569132455
2025-10-02,120281.07537085406,0.015549627374491726,1,304.0471496582031,-0.05762485218914992
2025-10-03,110608.65772389609,-0.0804151244668847,1,304.0471496582031,-0.13340606699485835
2025-10-06,113252.47661616375,0.02390245887322151,1,304.0471496582031,-0.11269234115141957
2025-10-07,117443.01381090106,0.0370017267608187,1,304.0471496582031,-0.07986042560592266
2025-10-08,117324.31666675404,-0.001010678628684869,1,304.0471496582031,-0.08079039100916996
2025-10-09,119601.23152258684,0.019407015702466168,1,304.0471496582031,-0.06295127569362724
2025-10-10,115115.73527270937,-0.03750376306978398,1,304.0471496582031,-0.0980941290348567
2025-10-13,115964.6399474825,0.007374358273107395,1,304.0471496582031,-0.09144315201374087
2025-10-14,118184.00101373214,0.019138256862218705,1,304.0471496582031,-0.07405495768305193
2025-10-15,117083.31085895342,-0.009313360060054343,1,304.0471496582031,-0.08267861725797199
2025-10-16,116025.78330204636,-0.009032265564996145,1,304.0471496582031,-0.09096410759534745
2025-10-17,114853.14816597295,-0.010106677177267764,1,304.0471496582031,-0.1001514399024308
2025-10-20,116153.44056571419,0.01132134748158764,0,,-0.08996394167276
2025-10-21,117665.01539528271,0.013013603576497834,1,292.2321461268834,-0.07812109316937055
2025-10-22,112429.08150017822,-0.04449864624174782,1,292.2321461268834,-0.11914345652215586
2025-10-23,111726.89096837524,-0.006245630778384137,0,,-0.1246449612614422
2025-10-24,112784.31733463742,0.009464385494817762,1,295.97035435267856,-0.11636026372998931
2025-10-27,115312.31943311586,0.022414482422921544,1,303.59107099260603,-0.09655393639317011
2025-10-28,115885.46692446197,0.00497039253189735,1,304.78177424839566,-0.0920634548256467
2025-10-29,121446.39271792771,0.04798639502475788,1,320.5585741315569,-0.04849485311149637
2025-10-30,119747.40864208186,-0.013989580405174507,1,320.5585741315569,-0.0618060108698304
2025-10-31,123605.93542097039,0.032222215266648924,1,327.9117769513811,-0.03157532219020209
2025-11-03,127536.10303342754,0.03179594571305988,1,340.40140751429965,-0.0007833437073743177
2025-11-04,115957.38794382548,-0.09078774413051693,0,,-0.0914999698298199
2025-11-05,115957.38794382548,0.0,0,,-0.0914999698298199
2025-11-06,115957.38794382548,0.0,0,,-0.0914999698298199
2025-11-07,115957.38794382548,0.0,0,,-0.0914999698298199
2025-11-10,115957.38794382548,0.0,0,,-0.0914999698298199
2025-11-11,115082.82287197381,-0.0075421246318116975,1,291.5421371459961,-0.09835199028536801
2025-11-12,111317.2783667213,-0.03272030013933158,1,291.5421371459961,-0.12785418378326174
2025-11-13,110978.77420465088,-0.0030408950617284436,0,,-0.13050628768890238
2025-11-14,110978.77420465088,0.0,0,,-0.13050628768890238
2025-11-17,110978.77420465088,0.0,0,,-0.13050628768890238
2025-11-18,110978.77420465088,0.0,0,,-0.13050628768890238
2025-11-19,110978.77420465088,0.0,0,,-0.13050628768890238
2025-11-21,110978.77420465088,0.0,0,,-0.13050628768890238
2025-11-24,110978.77420465088,0.0,0,,-0.13050628768890238
2025-11-25,110978.77420465088,0.0,0,,-0.13050628768890238
2025-11-26,110978.77420465088,0.0,0,,-0.13050628768890238
2025-11-27,110978.77420465088,0.0,0,,-0.13050628768890238
2025-11-28,110978.77420465088,0.0,0,,-0.13050628768890238
2025-12-01,110978.77420465088,0.0,0,,-0.13050628768890238
2025-12-02,110978.77420465088,0.0,0,,-0.13050628768890238
2025-12-03,110978.77420465088,0.0,0,,-0.13050628768890238
2025-12-04,110978.77420465088,0.0,0,,-0.13050628768890238
2025-12-05,110978.77420465088,0.0,0,,-0.13050628768890238
2025-12-08,109496.82817789016,-0.013353418591810495,1,300.5382101876395,-0.14211700119233972
2025-12-09,110648.51092438899,0.010517955320384242,1,301.45000130789623,-0.13309382614076348
2025-12-10,111355.02773802004,0.006385235623404428,0,,-0.1275584259572884
2025-12-11,111319.82708448815,-0.0003161119371700716,1,310.33749498639787,-0.1278342151533267
2025-12-12,109346.07124951835,-0.01773049677369487,1,310.33749498639787,-0.1432981477876778
2025-12-15,108885.530229167,-0.004211774735833451,1,310.33749498639787,-0.14690638300496728
2025-12-16,112392.23763398163,0.03220544913023993,1,312.50643048967635,-0.11943211991950142
2025-12-17,107569.6930058538,-0.042908164564113394,1,312.50643048967635,-0.15721567142786796
2025-12-18,113027.12668486033,0.050733933755017224,1,312.50643048967635,-0.11445790713232273
2025-12-19,117875.98364027623,0.04289994002002162,1,323.62105887276783,-0.07646820446309488
2025-12-22,119247.74836275842,0.01163735546562572,1,328.7089320591518,-0.0657207366746243
2025-12-23,117422.02823102789,-0.015310311153017175,1,328.7089320591518,-0.08002484289994749
2025-12-26,116237.77272223774,-0.010085462895089159,1,328.7089320591518,-0.08930321821128395
2025-12-29,113490.96051076318,-0.02363097766883715,1,328.7089320591518,-0.11082387352481493
2025-12-30,108885.530229167,-0.04057971014492756,1,328.7089320591518,-0.14690638300496728
2026-01-02,107969.66431657548,-0.008411272927302038,0,,-0.15408198625005176
2026-01-05,107969.66431657548,0.0,0,,-0.15408198625005176
2026-01-06,107969.66431657548,0.0,0,,-0.15408198625005176
2026-01-07,107969.66431657548,0.0,0,,-0.15408198625005176
2026-01-08,107969.66431657548,0.0,0,,-0.15408198625005176
2026-01-09,107969.66431657548,0.0,0,,-0.15408198625005176
2026-01-12,107969.66431657548,0.0,0,,-0.15408198625005176
2026-01-13,107969.66431657548,0.0,0,,-0.15408198625005176
2026-01-14,107969.66431657548,0.0,0,,-0.15408198625005176
2026-01-15,107969.66431657548,0.0,0,,-0.15408198625005176
2026-01-16,107969.66431657548,0.0,0,,-0.15408198625005176
2026-01-19,107969.66431657548,0.0,0,,-0.15408198625005176
2026-01-20,107969.66431657548,0.0,0,,-0.15408198625005176
2026-01-21,107969.66431657548,0.0,0,,-0.15408198625005176
2026-01-22,107969.66431657548,0.0,0,,-0.15408198625005176
2026-01-23,107969.66431657548,0.0,0,,-0.15408198625005176
2026-01-26,107969.66431657548,0.0,0,,-0.15408198625005176
2026-01-27,107969.66431657548,0.0,0,,-0.15408198625005176
2026-01-28,107969.66431657548,0.0,0,,-0.15408198625005176
2026-01-29,107969.66431657548,0.0,0,,-0.15408198625005176
2026-01-30,107969.66431657548,0.0,0,,-0.15408198625005176
2026-02-02,107969.66431657548,0.0,0,,-0.15408198625005176
2026-02-03,107969.66431657548,0.0,0,,-0.15408198625005176
2026-02-04,107969.66431657548,0.0,0,,-0.15408198625005176
2026-02-05,107969.66431657548,0.0,0,,-0.15408198625005176
2026-02-06,107969.66431657548,0.0,0,,-0.15408198625005176
2026-02-09,107969.66431657548,0.0,0,,-0.15408198625005176
2026-02-10,107969.66431657548,0.0,0,,-0.15408198625005176
2026-02-11,107969.66431657548,0.0,0,,-0.15408198625005176
2026-02-12,107969.66431657548,0.0,0,,-0.15408198625005176
2026-02-13,107969.66431657548,0.0,0,,-0.15408198625005176
2026-02-18,107969.66431657548,0.0,0,,-0.15408198625005176
2026-02-19,107969.66431657548,0.0,0,,-0.15408198625005176
2026-02-20,107969.66431657548,0.0,0,,-0.15408198625005176
2026-02-23,107969.66431657548,0.0,0,,-0.15408198625005176
2026-02-24,107969.66431657548,0.0,0,,-0.15408198625005176
2026-02-25,107969.66431657548,0.0,0,,-0.15408198625005176
2026-02-26,107969.66431657548,0.0,0,,-0.15408198625005176
2026-02-27,107969.66431657548,0.0,0,,-0.15408198625005176
2026-03-02,107969.66431657548,0.0,0,,-0.15408198625005176
2026-03-03,107969.66431657548,0.0,0,,-0.15408198625005176
2026-03-04,111522.59990494295,0.03290679480071357,1,238.49286488124304,-0.12624553575335506
2026-03-05,112101.28741141385,0.005188970728481568,0,,-0.12171164941449919
2026-03-06,112101.28741141385,0.0,0,,-0.12171164941449919
2026-03-09,109018.72951451041,-0.02749797052366043,1,246.28785378592355,-0.14586279659017354
2026-03-10,105228.86313583267,-0.034763442901554975,1,246.28785378592355,-0.1755555464910049
2026-03-11,105232.93786023102,3.872249758218871e-05,1,246.28785378592355,-0.17552362194264726
2026-03-12,109218.19224298601,0.03787078897339313,1,246.28785378592355,-0.14430005101568988
2026-03-13,109100.1494648361,-0.0010807977656991374,1,246.28785378592355,-0.14522488960866098
2026-03-16,107878.92474759238,-0.011193611770782486,1,246.28785378592355,-0.1547929103457093
2026-03-17,109189.70644101824,0.012150489045870128,1,246.28785378592355,-0.1445232308613732
2026-03-18,107830.07774657308,-0.012451985986239422,1,246.28785378592355,-0.1551756156022408
2026-03-19,110138.18550531715,0.021405045855282356,1,246.28785378592355,-0.13709211091454598
2026-03-20,109987.56977786086,-0.0013675159688282257,1,246.28785378592355,-0.13827215123249814
2026-03-23,113854.78138246592,0.0351604423337617,1,255.58822195870536,-0.10797341889851197
2026-03-24,109999.78152811568,-0.033858919296505974,1,255.58822195870536,-0.13817647491836538
2026-03-25,111904.88910551021,0.017319194192286558,1,255.58822195870536,-0.12325038592799553
2026-03-26,105025.32568295872,-0.06147687985343564,1,255.58822195870536,-0.17715021661384622
2026-03-27,103144.37685768868,-0.017909478623737707,0,,-0.19188702721994777
2026-03-30,103144.37685768868,0.0,0,,-0.19188702721994777
2026-03-31,103144.37685768868,0.0,0,,-0.19188702721994777
2026-04-01,103144.37685768868,0.0,0,,-0.19188702721994777
2026-04-02,103144.37685768868,0.0,0,,-0.19188702721994777
2026-04-06,103144.37685768868,0.0,0,,-0.19188702721994777
2026-04-07,103144.37685768868,0.0,0,,-0.19188702721994777
2026-04-08,103144.37685768868,0.0,0,,-0.19188702721994777
2026-04-09,103144.37685768868,0.0,0,,-0.19188702721994777
2026-04-10,103144.37685768868,0.0,0,,-0.19188702721994777
2026-04-13,103144.37685768868,0.0,0,,-0.19188702721994777
2026-04-14,103144.37685768868,0.0,0,,-0.19188702721994777
2026-04-15,103144.37685768868,0.0,0,,-0.19188702721994777
2026-04-16,103144.37685768868,0.0,0,,-0.19188702721994777
2026-04-17,103144.37685768868,0.0,0,,-0.19188702721994777
2026-04-20,103144.37685768868,0.0,0,,-0.19188702721994777
2026-04-22,103144.37685768868,0.0,0,,-0.19188702721994777
2026-04-23,103144.37685768868,0.0,0,,-0.19188702721994777
2026-04-24,103144.37685768868,0.0,0,,-0.19188702721994777
2026-04-27,103144.37685768868,0.0,0,,-0.19188702721994777
2026-04-28,103144.37685768868,0.0,0,,-0.19188702721994777
2026-04-29,103144.37685768868,0.0,0,,-0.19188702721994777
2026-04-30,103144.37685768868,0.0,0,,-0.19188702721994777
2026-05-04,103144.37685768868,0.0,0,,-0.19188702721994777
2026-05-05,103144.37685768868,0.0,0,,-0.19188702721994777
2026-05-06,103144.37685768868,0.0,0,,-0.19188702721994777
2026-05-07,103144.37685768868,0.0,0,,-0.19188702721994777
2026-05-08,103144.37685768868,0.0,0,,-0.19188702721994777
2026-05-11,103144.37685768868,0.0,0,,-0.19188702721994777
2026-05-12,103106.13343277393,-0.00037077566494503333,1,195.46964045933314,-0.192186655844781
2026-05-13,100711.56316053541,-0.023224324223154014,1,195.46964045933314,-0.21094757486123206
2026-05-14,100504.77881408099,-0.002053233411984823,0,,-0.21256768366433465
2026-05-15,100504.77881408099,0.0,0,,-0.21256768366433465
2026-05-18,100504.77881408099,0.0,0,,-0.21256768366433465
2026-05-19,100504.77881408099,0.0,0,,-0.21256768366433465
2026-05-20,100504.77881408099,0.0,0,,-0.21256768366433465
2026-05-21,100504.77881408099,0.0,0,,-0.21256768366433465
2026-05-22,100504.77881408099,0.0,0,,-0.21256768366433465
2026-05-25,100504.77881408099,0.0,0,,-0.21256768366433465
2026-05-26,100504.77881408099,0.0,0,,-0.21256768366433465
2026-05-27,100504.77881408099,0.0,0,,-0.21256768366433465
2026-05-28,100504.77881408099,0.0,0,,-0.21256768366433465
2026-05-29,105396.23929817788,0.048668934371224104,1,239.36962563650948,-0.17424419193881313
2026-06-01,108764.26836965216,0.03195587521814458,1,246.6042856488909,-0.1478564423757518
2026-06-02,102285.13937694691,-0.05957038179749363,1,246.6042856488909,-0.19861895944970276
2026-06-03,98846.61497763141,-0.03361704760105633,0,,-0.22555902403646622
2026-06-05,98846.61497763141,0.0,0,,-0.22555902403646622
2026-06-08,98846.61497763141,0.0,0,,-0.22555902403646622
2026-06-09,98846.61497763141,0.0,0,,-0.22555902403646622
2026-06-10,98846.61497763141,0.0,0,,-0.22555902403646622
2026-06-11,98846.61497763141,0.0,0,,-0.22555902403646622
2026-06-12,98846.61497763141,0.0,0,,-0.22555902403646622
2026-06-15,98846.61497763141,0.0,0,,-0.22555902403646622
2026-06-16,98707.22788501327,-0.0014101352145410306,1,197.14536339896065,-0.22665109052825594
2026-06-17,95910.39758771534,-0.028334604843284983,1,197.14536339896065,-0.2485636262841231
2026-06-18,95969.71163827302,0.0006184319119668658,0,,-0.24809891405080453
2026-06-19,95969.71163827302,0.0,0,,-0.24809891405080453
2026-06-22,95969.71163827302,0.0,0,,-0.24809891405080453
2026-06-23,95969.71163827302,0.0,0,,-0.24809891405080453
2026-06-24,95969.71163827302,0.0,0,,-0.24809891405080453
2026-06-25,95969.71163827302,0.0,0,,-0.24809891405080453
2026-06-26,95969.71163827302,0.0,0,,-0.24809891405080453
2026-06-29,95969.71163827302,0.0,0,,-0.24809891405080453
2026-06-30,95969.71163827302,0.0,0,,-0.24809891405080453
2026-07-01,95969.71163827302,0.0,0,,-0.24809891405080453
2026-07-02,95969.71163827302,0.0,0,,-0.24809891405080453
2026-07-03,95969.71163827302,0.0,0,,-0.24809891405080453
2026-07-06,95969.71163827302,0.0,0,,-0.24809891405080453
2026-07-07,95969.71163827302,0.0,0,,-0.24809891405080453
2026-07-08,95411.12367972851,-0.00582046094553168,1,203.08465303693498,-0.25247532495647473
2026-07-09,91889.05339492248,-0.03691467146565375,1,203.08465303693498,-0.28006995274817603
2026-07-10,89773.32096530452,-0.02302485825514955,1,203.08465303693498,-0.29664624003977236
2026-07-13,91768.74997030114,0.02222741660373484,1,203.08465303693498,-0.28101250299733316
2026-07-14,86573.38573950109,-0.05661365369454652,0,,-0.3217170121633509
2026-07-15,86573.38573950109,0.0,0,,-0.3217170121633509
2026-07-16,86668.98175328485,0.0011042194199428756,1,196.90178789411272,-0.3209680389159648
2026-07-17,85420.48862278671,-0.014405305165026028,1,196.90178789411272,-0.3307497015321864
2026-07-20,87730.3899624348,0.02704153742140858,1,199.0639283316476,-0.3126521445418802
2026-07-21,85141.77502635474,-0.029506479307666145,1,199.0639283316476,-0.33293335981612393
2026-07-22,79032.94811863422,-0.0717488789237668,1,199.0639283316476,-0.3807946434167607
2026-07-23,79353.66013309002,0.004057953323143071,1,199.0639283316476,-0.37828193698230583
2026-07-24,79895.81782205046,0.006832169909379848,1,199.0639283316476,-0.3740342535400385
2026-07-27,85580.84463001462,0.07115549928566023,1,199.0639283316476,-0.3294933483149589
2026-07-28,82079.72390762705,-0.04091009778559329,1,199.0639283316476,-0.3569238410012847
2026-07-29,79414.74980036674,-0.032468117342347336,1,199.0639283316476,-0.377803313191721
2026-07-30,78464.55129319297,-0.011965012917151907,0,,-0.38524790458639113
2026-07-31,78464.55129319297,0.0,0,,-0.38524790458639113
2026-08-03,78464.55129319297,0.0,0,,-0.38524790458639113
2026-08-04,78464.55129319297,0.0,0,,-0.38524790458639113
2026-08-05,76071.25841584605,-0.030501581133167588,1,243.82501656668526,-0.4039988155014341
2026-08-06,74216.41349129587,-0.024382992514868307,1,243.82501656668526,-0.4185311079219153
2026-08-07,81377.64299166028,0.09649118252264088,1,250.8767863682338,-0.36242448692517104
2026-08-10,84144.47874284115,0.03399994948814644,1,258.7849818638393,-0.34074695168574776
2026-08-11,84742.18487016532,0.0071033315109225725,1,261.97391673496793,-0.3360640587339855
2026-08-12,83078.15443253468,-0.01963638818352542,1,261.97391673496793,-0.34910136260567926
2026-08-13,87551.11935654486,0.053840446439413325,1,269.2714260646275,-0.3140566893815633
2026-08-14,84744.99373614277,-0.03205128205128216,1,269.2714260646275,-0.33604205190138503
2026-08-17,84217.44074932866,-0.006225181731167262,1,269.2714260646275,-0.34017531079015184
2026-08-18,83757.24060066293,-0.005464428087235573,1,269.2714260646275,-0.3437808753545216
2026-08-19,85266.92899100199,0.018024571720753446,1,269.2714260646275,-0.3319528066778191
2026-08-20,84646.77762670555,-0.007273058519110975,1,269.2714260646275,-0.33681155300837917
2026-08-21,85028.41516416044,0.00450858908224383,1,269.2714260646275,-0.3338215088168024
2026-08-24,85370.76283239413,0.004026273658902513,1,272.01394435337613,-0.3311392919056241
2026-08-25,83771.26780331862,-0.018735864317105277,1,272.01394435337613,-0.3436709753795233
2026-08-26,85598.05832255744,0.02180688638409789,1,272.01394435337613,-0.3293584829090387
2026-08-27,89593.97846565294,0.046682368985961675,1,286.6460756574358,-0.2980513481508932
2026-08-28,89939.13499986408,0.003852452364792258,1,289.6082316807338,-0.2953471244071145
2026-08-31,90581.7316011328,0.007144794101807683,1,292.56964002336775,-0.2903125246977566
2026-09-01,86796.27087956744,-0.041790553731454794,1,292.56964002336775,-0.3199707572669155
2026-09-02,81975.56818774536,-0.05554043558519883,0,,-0.35773987761898385
2026-09-03,81975.56818774536,0.0,0,,-0.35773987761898385
2026-09-04,81975.56818774536,0.0,0,,-0.35773987761898385
2026-09-08,81975.56818774536,0.0,0,,-0.35773987761898385
2026-09-09,81975.56818774536,0.0,0,,-0.35773987761898385
2026-09-10,81975.56818774536,0.0,0,,-0.35773987761898385
2026-09-11,81975.56818774536,0.0,0,,-0.35773987761898385
2026-09-14,81975.56818774536,0.0,0,,-0.35773987761898385
2026-09-15,81975.56818774536,0.0,0,,-0.35773987761898385
2026-09-16,81975.56818774536,0.0,0,,-0.35773987761898385
2026-09-17,82249.6709573587,0.003343712958299605,1,269.81963784354076,-0.35559234412517937
2026-09-18,82126.29645092266,-0.0015000000000000568,0,,-0.35655895560899165
2026-09-21,81778.99173117928,-0.004228910041632283,1,276.2857153756278,-0.35928000990281506
2026-09-22,83848.43327009147,0.025305295346692125,1,283.3439254760742,-0.3430664013188762
2026-09-23,88174.22875883615,0.051590653755097415,1,301.05818939208984,-0.3091747674892281
2026-09-24,89063.14257257218,0.010081333585205243,0,,-0.30221032787121005
